date,entry_time,exit_time,year,instrument,strategy,direction,entry,exit_price,stop,target,pnl_pts,pnl_rs,win,exit_reason,bias_score,lots_used,capital_used,gap_pts,gap_pct,gap_vs_atr,orb_size,stop_pts,target_pts,atr14,be_triggered,regime,macro_ok,vwap_dev_pct,margin_per_lot,capital_at_entry,lots_at_entry,equity_after
2022-01-24,2022-01-24 11:45:00,2022-01-24 13:15:00,2022,NSE-BANKNIFTY,ORB,SHORT,37165.8,36903.42,37399.03,36903.42,262.38,6519.5,1,TARGET HIT,1.0,15,75000,141.0,0.374,0.242,1885.0,233.23,262.38,583.08,0.0,neutral,True,,75000,100000.0,1,106519.5
2022-02-03,2022-02-03 10:15:00,2022-02-03 15:30:00,2022,NSE-BANKNIFTY,ORB,SHORT,39282.1,38920.0,39646.99,38871.6,362.1,9012.5,1,SQUARE OFF,0.0872,15,75000,57.95,0.147,0.064,205.35,364.89,410.5,912.22,0.0,neutral,True,,75000,106519.5,1,115532.0
2022-02-07,2022-02-07 11:00:00,2022-02-07 13:45:00,2022,NSE-BANKNIFTY,ORB,SHORT,38550.0,38124.17,38928.52,38124.17,425.83,10605.75,1,TARGET HIT,0.2381,15,75000,186.0,0.479,0.197,316.4,378.52,425.83,946.3,0.0,neutral,True,,75000,115532.0,1,126137.75
2022-02-09,2022-02-09 12:15:00,2022-02-09 15:30:00,2022,NSE-BANKNIFTY,ORB,LONG,38576.95,38724.8,38179.82,39023.72,147.85,3656.25,1,SQUARE OFF,0.0912,15,75000,254.95,0.67,0.257,299.55,397.13,446.77,992.82,0.0,neutral,True,,75000,126137.75,1,129794.0
2022-02-11,2022-02-11 10:00:00,2022-02-11 15:30:00,2022,NSE-BANKNIFTY,ORB,SHORT,38480.0,38441.75,38877.44,38032.88,38.25,916.25,1,SQUARE OFF,0.3268,15,75000,334.95,0.858,0.337,222.6,397.44,447.12,993.6,0.0,neutral,True,,75000,129794.0,1,130710.25
2022-03-04,2022-03-04 10:15:00,2022-03-04 12:30:00,2022,NSE-BANKNIFTY,ORB,SHORT,34283.6,34642.51,34642.51,33879.82,-358.91,-9012.75,0,STOP LOSS,0.1278,15,75000,388.4,1.108,0.433,377.0,358.91,403.78,897.28,0.0,neutral,True,,75000,130710.25,1,121697.5
2022-03-15,2022-03-15 11:30:00,2022-03-15 14:15:00,2022,NSE-BANKNIFTY,VWAP_REV,SHORT,35469.25,34740.87,35954.84,34740.87,728.38,18169.5,1,TARGET HIT,0.054,15,75000,9.0,,,,485.59,728.38,971.17,,neutral,True,0.027,75000,121697.5,1,139867.0
2022-03-22,2022-03-22 10:00:00,2022-03-22 12:30:00,2022,NSE-BANKNIFTY,ORB,SHORT,35565.6,35905.48,35905.48,35183.23,-339.88,-8537.0,0,STOP LOSS,0.5965,15,75000,303.95,0.841,0.358,322.35,339.88,382.37,849.71,0.0,neutral,True,,75000,139867.0,1,131330.0
2022-04-20,2022-04-20 12:30:00,2022-04-20 13:45:00,2022,NSE-BANKNIFTY,ORB,LONG,36565.7,36299.57,36299.57,36865.1,-266.13,-6693.25,0,STOP LOSS,0.1673,15,75000,300.85,0.833,0.452,248.0,266.13,299.4,665.32,0.0,neutral,True,,75000,131330.0,1,124636.75
2022-04-21,2022-04-21 11:00:00,2022-04-21 15:30:00,2022,NSE-BANKNIFTY,ORB,LONG,36686.2,37035.0,36422.45,36982.91,348.8,8680.0,1,SQUARE OFF,0.0465,15,75000,144.9,0.397,0.22,127.0,263.75,296.71,659.36,0.0,neutral,True,,75000,124636.75,1,133316.75
2022-04-22,2022-04-22 13:45:00,2022-04-22 15:30:00,2022,NSE-BANKNIFTY,ORB,SHORT,36325.0,36039.0,36595.11,36021.12,286.0,7110.0,1,SQUARE OFF,0.1237,15,75000,385.0,1.04,0.57,349.9,270.11,303.88,675.28,0.0,neutral,True,,75000,133316.75,1,140426.75
2022-04-26,2022-04-26 11:45:00,2022-04-26 12:45:00,2022,NSE-BANKNIFTY,ORB,LONG,36625.85,36353.52,36353.52,36932.22,-272.33,-6848.25,0,STOP LOSS,0.1415,15,75000,338.2,0.933,0.497,137.9,272.33,306.37,680.82,0.0,neutral,True,,75000,140426.75,1,133578.5
2022-04-28,2022-04-28 12:30:00,2022-04-28 15:30:00,2022,NSE-BANKNIFTY,ORB,LONG,36289.95,36500.0,36051.18,36558.57,210.05,5211.25,1,SQUARE OFF,0.0974,15,75000,79.9,0.221,0.134,217.9,238.77,268.62,596.94,0.0,neutral,True,,75000,133578.5,1,138789.75
2022-04-29,2022-04-29 11:30:00,2022-04-29 14:00:00,2022,NSE-BANKNIFTY,ORB,LONG,36703.0,36459.67,36459.67,36976.75,-243.33,-6123.25,0,STOP LOSS,0.1534,15,75000,175.0,0.479,0.288,206.95,243.33,273.75,608.32,0.0,neutral,True,,75000,138789.75,1,132666.5
2022-05-05,2022-05-05 10:00:00,2022-05-05 13:00:00,2022,NSE-BANKNIFTY,ORB,LONG,35880.0,35612.19,35612.19,36181.29,-267.81,-6735.25,0,STOP LOSS,0.5228,15,75000,328.75,0.93,0.491,207.0,267.81,301.29,669.54,0.0,neutral,True,,75000,132666.5,1,125931.25
2022-05-16,2022-05-16 10:00:00,2022-05-16 12:45:00,2022,NSE-BANKNIFTY,ORB,LONG,33680.45,33396.95,33396.95,33999.38,-283.5,-7127.5,0,STOP LOSS,0.4348,15,75000,148.4,0.449,0.209,582.85,283.5,318.93,708.74,0.0,neutral,True,,75000,125931.25,1,118803.75
2022-05-17,2022-05-17 10:45:00,2022-05-17 14:00:00,2022,NSE-BANKNIFTY,ORB,LONG,33962.75,34283.28,33677.84,34283.28,320.53,7973.25,1,TARGET HIT,0.1533,15,75000,119.05,0.354,0.167,197.0,284.91,320.53,712.28,0.0,neutral,True,,75000,118803.75,1,126777.0
2022-05-20,2022-05-20 10:00:00,2022-05-20 15:15:00,2022,NSE-BANKNIFTY,ORB,LONG,34069.8,34305.0,33775.06,34401.38,235.2,5840.0,1,SQUARE OFF,0.4562,15,75000,330.0,0.991,0.448,362.95,294.74,331.58,736.84,0.0,neutral,True,,75000,126777.0,1,132617.0
2022-05-24,2022-05-24 13:00:00,2022-05-24 14:45:00,2022,NSE-BANKNIFTY,VWAP_REV,SHORT,34274.4,34320.0,34646.31,33716.53,-45.6,-1180.0,0,SQUARE OFF,0.4027,15,75000,46.05,,,,371.91,557.87,743.82,,neutral,True,0.201,75000,132617.0,1,131437.0
2022-05-25,2022-05-25 11:00:00,2022-05-25 13:00:00,2022,NSE-BANKNIFTY,ORB,LONG,34678.05,34400.75,34400.75,34990.02,-277.3,-6972.5,0,STOP LOSS,0.038,15,75000,157.85,0.461,0.228,296.5,277.3,311.97,693.26,0.0,neutral,True,,75000,131437.0,1,124464.5
2022-05-26,2022-05-26 13:00:00,2022-05-26 14:45:00,2022,NSE-BANKNIFTY,ORB,LONG,34890.0,35188.43,34624.73,35188.43,298.43,7420.75,1,TARGET HIT,0.5984,15,75000,298.1,0.869,0.45,215.9,265.27,298.43,663.17,0.0,neutral,True,,75000,124464.5,1,131885.25
2022-05-27,2022-05-27 10:30:00,2022-05-27 15:30:00,2022,NSE-BANKNIFTY,ORB,LONG,35619.9,35645.0,35344.81,35929.38,25.1,587.5,1,SQUARE OFF,0.0383,15,75000,140.85,0.399,0.205,304.0,275.09,309.48,687.72,0.0,neutral,True,,75000,131885.25,1,132472.75
2022-05-31,2022-05-31 15:00:00,2022-05-31 15:30:00,2022,NSE-BANKNIFTY,ORB,SHORT,35466.35,35405.0,35728.14,35171.84,61.35,1493.75,1,SQUARE OFF,0.8689,15,75000,214.0,0.596,0.327,132.05,261.79,294.51,654.47,0.0,neutral,True,,75000,132472.75,1,133966.5
2022-06-07,2022-06-07 11:00:00,2022-06-07 15:30:00,2022,NSE-BANKNIFTY,ORB,SHORT,35035.65,35085.0,35258.04,34785.46,-49.35,-1273.75,0,SQUARE OFF,0.2599,15,75000,265.85,0.751,0.478,191.0,222.39,250.19,555.98,0.0,neutral,True,,75000,133966.5,1,132692.75
2022-06-08,2022-06-08 10:30:00,2022-06-08 13:00:00,2022,NSE-BANKNIFTY,ORB,LONG,35480.0,35262.57,35262.57,35724.61,-217.43,-5475.75,0,STOP LOSS,1.0,15,75000,114.95,0.328,0.211,163.85,217.43,244.61,543.58,0.0,neutral,True,,75000,132692.75,1,127217.0
2022-06-10,2022-06-10 11:15:00,2022-06-10 15:30:00,2022,NSE-BANKNIFTY,ORB,SHORT,34584.05,34534.15,34800.06,34341.04,49.9,1207.5,1,SQUARE OFF,0.2367,15,75000,395.0,1.122,0.731,239.65,216.01,243.01,540.02,0.0,neutral,True,,75000,127217.0,1,128424.5
2022-06-21,2022-06-21 10:00:00,2022-06-21 12:45:00,2022,NSE-BANKNIFTY,ORB,LONG,33181.05,33440.04,32950.84,33440.04,258.99,6434.75,1,TARGET HIT,0.9467,15,75000,225.55,0.689,0.392,176.0,230.21,258.99,575.54,0.0,neutral,True,,75000,128424.5,1,134859.25
2022-06-22,2022-06-22 13:15:00,2022-06-22 15:30:00,2022,NSE-BANKNIFTY,ORB,SHORT,32768.8,32805.0,33007.19,32500.61,-36.2,-945.0,0,SQUARE OFF,0.2304,15,75000,188.05,0.566,0.316,289.95,238.39,268.19,595.98,0.0,neutral,True,,75000,134859.25,1,133914.25
2022-06-23,2022-06-23 10:00:00,2022-06-23 11:45:00,2022,NSE-BANKNIFTY,ORB,LONG,33425.0,33185.6,33185.6,33694.32,-239.4,-6025.0,0,STOP LOSS,0.8477,15,75000,89.95,0.274,0.15,434.0,239.4,269.32,598.5,0.0,neutral,True,,75000,133914.25,1,127889.25
2022-06-24,2022-06-24 14:15:00,2022-06-24 15:30:00,2022,NSE-BANKNIFTY,ORB,LONG,33712.4,33700.0,33481.13,33972.58,-12.4,-350.0,0,SQUARE OFF,0.1029,15,75000,217.85,0.656,0.377,320.25,231.27,260.18,578.18,0.0,neutral,True,,75000,127889.25,1,127539.25
2022-06-28,2022-06-28 10:00:00,2022-06-28 15:15:00,2022,NSE-BANKNIFTY,ORB,SHORT,33567.0,33678.75,33799.49,33305.45,-111.75,-2833.75,0,SQUARE OFF,0.1784,15,75000,240.0,0.709,0.413,125.4,232.49,261.55,581.23,0.0,neutral,True,,75000,127539.25,1,124705.5
2022-07-05,2022-07-05 10:00:00,2022-07-05 13:45:00,2022,NSE-BANKNIFTY,ORB,LONG,34302.0,34091.45,34091.45,34538.86,-210.55,-5303.75,0,STOP LOSS,0.0443,15,75000,102.65,0.301,0.195,235.7,210.55,236.86,526.36,0.0,neutral,True,,75000,124705.5,1,119401.75
2022-07-06,2022-07-06 10:45:00,2022-07-06 15:30:00,2022,NSE-BANKNIFTY,ORB,LONG,34242.5,34434.0,34021.9,34490.68,191.5,4747.5,1,SQUARE OFF,0.2569,15,75000,130.0,0.385,0.236,399.05,220.6,248.18,551.5,0.0,neutral,True,,75000,119401.75,1,124149.25
2022-07-07,2022-07-07 11:45:00,2022-07-07 15:30:00,2022,NSE-BANKNIFTY,ORB,LONG,34795.25,35025.0,34591.9,35024.01,229.75,5703.75,1,SQUARE OFF,0.1295,15,75000,191.0,0.555,0.376,155.5,203.35,228.76,508.36,0.0,neutral,True,,75000,124149.25,1,129853.0
2022-07-12,2022-07-12 12:15:00,2022-07-12 14:30:00,2022,NSE-BANKNIFTY,ORB,SHORT,35269.95,35453.44,35453.44,35063.53,-183.49,-4627.25,0,STOP LOSS,0.0727,15,75000,180.35,0.508,0.393,182.2,183.49,206.42,458.71,0.0,neutral,True,,75000,129853.0,1,125225.75
2022-07-21,2022-07-21 13:15:00,2022-07-21 14:45:00,2022,NSE-BANKNIFTY,VWAP_REV,SHORT,36161.75,36115.0,36416.05,35780.31,46.75,1128.75,1,SQUARE OFF,0.0629,15,75000,40.0,,,,254.3,381.44,508.59,,neutral,True,0.031,75000,125225.75,1,126354.5
2022-07-26,2022-07-26 10:00:00,2022-07-26 15:30:00,2022,NSE-BANKNIFTY,ORB,SHORT,36396.35,36328.0,36598.25,36169.21,68.35,1668.75,1,SQUARE OFF,0.7703,15,75000,124.15,0.339,0.246,177.95,201.9,227.14,504.75,0.0,neutral,True,,75000,126354.5,1,128023.25
2022-07-28,2022-07-28 10:00:00,2022-07-28 15:30:00,2022,NSE-BANKNIFTY,ORB,LONG,37314.5,37434.0,37115.97,37537.85,119.5,2947.5,1,SQUARE OFF,0.0662,15,75000,327.9,0.892,0.661,198.9,198.53,223.35,496.33,0.0,neutral,True,,75000,128023.25,1,130970.75
2022-08-02,2022-08-02 10:00:00,2022-08-02 10:45:00,2022,NSE-BANKNIFTY,ORB,SHORT,37680.0,37882.79,37882.79,37451.86,-202.79,-5109.75,0,STOP LOSS,0.3945,15,75000,183.2,0.483,0.361,198.0,202.79,228.14,506.97,0.0,neutral,True,,75000,130970.75,1,125861.0
2022-08-03,2022-08-03 12:45:00,2022-08-03 14:45:00,2022,NSE-BANKNIFTY,VWAP_REV,LONG,37925.0,37937.4,37670.11,38307.34,12.4,270.0,1,SQUARE OFF,0.2063,15,75000,5.0,,,,254.89,382.34,509.78,,neutral,True,0.103,75000,125861.0,1,126131.0
2022-08-05,2022-08-05 10:15:00,2022-08-05 14:30:00,2022,NSE-BANKNIFTY,ORB,LONG,38074.5,37856.6,37856.6,38319.64,-217.9,-5487.5,0,STOP LOSS,0.2968,15,75000,124.7,0.331,0.229,221.5,217.9,245.14,544.75,0.0,neutral,True,,75000,126131.0,1,120643.5
2022-08-11,2022-08-11 10:00:00,2022-08-11 15:30:00,2022,NSE-BANKNIFTY,ORB,LONG,38868.6,38944.0,38665.95,39096.58,75.4,1845.0,1,SQUARE OFF,0.1882,15,75000,387.15,1.009,0.764,146.0,202.65,227.98,506.62,0.0,neutral,True,,75000,120643.5,1,122488.5
2022-08-22,2022-08-22 10:30:00,2022-08-22 15:30:00,2022,NSE-BANKNIFTY,ORB,SHORT,38345.8,38330.0,38539.71,38127.66,15.8,355.0,1,SQUARE OFF,0.3727,15,75000,231.1,0.594,0.477,417.3,193.91,218.14,484.76,0.0,neutral,True,,75000,122488.5,1,122843.5
2022-08-25,2022-08-25 10:45:00,2022-08-25 14:30:00,2022,NSE-BANKNIFTY,ORB,LONG,39557.7,39351.99,39351.99,39789.13,-205.71,-5182.75,0,STOP LOSS,0.1536,15,75000,265.0,0.677,0.515,181.05,205.71,231.43,514.29,0.0,neutral,True,,75000,122843.5,1,117660.75
2022-08-30,2022-08-30 10:30:00,2022-08-30 12:30:00,2022,NSE-BANKNIFTY,ORB,LONG,38997.35,39225.86,38794.23,39225.86,228.51,5672.75,1,TARGET HIT,0.4034,15,75000,121.1,0.315,0.238,329.65,203.12,228.51,507.8,0.0,neutral,True,,75000,117660.75,1,123333.5
2022-09-08,2022-09-08 11:30:00,2022-09-08 15:30:00,2022,NSE-BANKNIFTY,ORB,LONG,40111.8,40370.0,39856.75,40398.73,258.2,6415.0,1,SQUARE OFF,0.2201,15,75000,305.0,0.77,0.478,249.65,255.05,286.93,637.62,0.0,neutral,True,,75000,123333.5,1,129748.5
2022-09-09,2022-09-09 10:15:00,2022-09-09 13:15:00,2022,NSE-BANKNIFTY,ORB,LONG,40700.0,40442.06,40442.06,40990.18,-257.94,-6488.5,0,STOP LOSS,0.0569,15,75000,231.15,0.573,0.358,164.0,257.94,290.18,644.85,0.0,neutral,True,,75000,129748.5,1,123260.0
2022-09-12,2022-09-12 10:00:00,2022-09-12 15:30:00,2022,NSE-BANKNIFTY,ORB,LONG,40720.0,40670.05,40477.52,40992.79,-49.95,-1288.75,0,SQUARE OFF,0.2145,15,75000,143.3,0.354,0.236,221.7,242.48,272.79,606.2,0.0,neutral,True,,75000,123260.0,1,121971.25
2022-09-13,2022-09-13 13:45:00,2022-09-13 15:30:00,2022,NSE-BANKNIFTY,ORB,LONG,40914.95,40942.0,40679.29,41180.07,27.05,636.25,1,SQUARE OFF,0.0911,15,75000,179.95,0.442,0.305,115.85,235.66,265.12,589.15,0.0,neutral,True,,75000,121971.25,1,122607.5
2022-09-16,2022-09-16 13:00:00,2022-09-16 14:00:00,2022,NSE-BANKNIFTY,ORB,SHORT,40919.0,40649.99,41158.12,40649.99,269.01,6685.25,1,TARGET HIT,0.1207,15,75000,307.9,0.746,0.515,270.6,239.12,269.01,597.79,0.0,neutral,True,,75000,122607.5,1,129292.75
2022-09-19,2022-09-19 12:45:00,2022-09-19 14:45:00,2022,NSE-BANKNIFTY,VWAP_REV,SHORT,41036.75,40869.3,41341.21,40580.06,167.45,4146.25,1,SQUARE OFF,0.0022,15,75000,10.15,,,,304.46,456.69,608.92,,neutral,True,0.001,75000,129292.75,1,133439.0
2022-09-20,2022-09-20 10:00:00,2022-09-20 15:15:00,2022,NSE-BANKNIFTY,ORB,LONG,41589.0,41470.0,41338.43,41870.89,-119.0,-3015.0,0,SQUARE OFF,0.3991,15,75000,378.8,0.923,0.605,258.85,250.57,281.89,626.42,0.0,neutral,True,,75000,133439.0,1,130424.0
2022-09-22,2022-09-22 10:15:00,2022-09-22 12:15:00,2022,NSE-BANKNIFTY,ORB,SHORT,40782.85,40532.37,41005.5,40532.37,250.48,6222.0,1,TARGET HIT,0.4381,15,75000,275.75,0.668,0.495,362.0,222.65,250.48,556.61,0.0,neutral,True,,75000,130424.0,1,136646.0
2022-09-23,2022-09-23 10:00:00,2022-09-23 14:00:00,2022,NSE-BANKNIFTY,ORB,SHORT,39801.85,39538.47,40035.96,39538.47,263.38,6544.5,1,TARGET HIT,0.8731,15,75000,201.0,0.494,0.343,613.05,234.11,263.38,585.28,0.0,neutral,True,,75000,136646.0,1,143190.5
2022-10-03,2022-10-03 10:00:00,2022-10-03 15:30:00,2022,NSE-BANKNIFTY,ORB,SHORT,38369.6,38130.0,38685.94,38013.72,239.6,5950.0,1,SQUARE OFF,0.1787,15,75000,179.9,0.463,0.227,398.0,316.34,355.88,790.84,0.0,neutral,True,,75000,143190.5,1,149140.5
2022-10-06,2022-10-06 12:45:00,2022-10-06 14:15:00,2022,NSE-BANKNIFTY,ORB,LONG,39750.0,39441.71,39441.71,40096.83,-308.29,-7747.25,0,STOP LOSS,0.2307,15,75000,209.95,0.534,0.272,284.55,308.29,346.83,770.73,0.0,neutral,True,,75000,149140.5,1,141393.25
2022-10-07,2022-10-07 12:00:00,2022-10-07 14:30:00,2022,NSE-BANKNIFTY,ORB,SHORT,38928.1,39229.1,39229.1,38589.48,-301.0,-7565.0,0,STOP LOSS,0.0372,15,75000,127.0,0.323,0.169,303.45,301.0,338.62,752.49,0.0,neutral,True,,75000,141393.25,1,133828.25
2022-10-11,2022-10-11 14:45:00,2022-10-11 15:30:00,2022,NSE-BANKNIFTY,ORB,SHORT,38908.8,38758.15,39209.76,38570.22,150.65,3726.25,1,SQUARE OFF,0.2536,15,75000,57.45,0.146,0.076,253.95,300.96,338.58,752.4,0.0,neutral,True,,75000,133828.25,1,137554.5
2022-10-12,2022-10-12 10:15:00,2022-10-12 15:30:00,2022,NSE-BANKNIFTY,ORB,LONG,38986.9,39270.05,38683.96,39327.71,283.15,7038.75,1,SQUARE OFF,0.0304,15,75000,66.9,0.173,0.088,263.05,302.94,340.81,757.35,0.0,neutral,True,,75000,137554.5,1,144593.25
2022-10-13,2022-10-13 10:00:00,2022-10-13 15:30:00,2022,NSE-BANKNIFTY,ORB,SHORT,38858.35,38770.0,39159.66,38519.37,88.35,2168.75,1,SQUARE OFF,0.6315,15,75000,269.0,0.685,0.357,165.45,301.31,338.98,753.28,0.0,neutral,True,,75000,144593.25,1,146762.0
2022-10-18,2022-10-18 12:45:00,2022-10-18 15:30:00,2022,NSE-BANKNIFTY,ORB,LONG,40467.4,40355.8,40190.29,40779.15,-111.6,-2830.0,0,SQUARE OFF,0.0933,15,75000,255.0,0.637,0.368,234.05,277.11,311.75,692.77,0.0,neutral,True,,75000,146762.0,1,143932.0
2022-10-20,2022-10-20 11:00:00,2022-10-20 15:30:00,2022,NSE-BANKNIFTY,ORB,SHORT,39959.75,40220.5,40212.83,39675.03,-260.75,-6558.75,0,SQUARE OFF,0.1069,15,75000,223.85,0.554,0.354,267.65,253.08,284.72,632.71,0.0,neutral,True,,75000,143932.0,1,137373.25
2022-10-21,2022-10-21 10:00:00,2022-10-21 13:00:00,2022,NSE-BANKNIFTY,ORB,LONG,40717.65,40989.75,40475.78,40989.75,272.1,6762.5,1,TARGET HIT,0.739,15,75000,272.8,0.678,0.451,187.1,241.87,272.1,604.66,0.0,neutral,True,,75000,137373.25,1,144135.75
2022-11-01,2022-11-01 10:00:00,2022-11-01 12:30:00,2022,NSE-BANKNIFTY,ORB,LONG,41790.0,41586.67,41586.67,42018.74,-203.33,-5123.25,0,STOP LOSS,0.4662,15,75000,191.0,0.461,0.376,164.05,203.33,228.74,508.32,0.0,neutral,True,,75000,144135.75,1,139012.5
2022-11-09,2022-11-09 14:00:00,2022-11-09 14:45:00,2022,NSE-BANKNIFTY,ORB,LONG,42078.55,41892.6,41892.6,42287.75,-185.95,-4688.75,0,STOP LOSS,0.2764,15,75000,125.15,0.299,0.269,190.0,185.95,209.2,464.89,0.0,neutral,True,,75000,139012.5,1,134323.75
2022-11-10,2022-11-10 12:00:00,2022-11-10 15:00:00,2022,NSE-BANKNIFTY,ORB,SHORT,41526.55,41696.4,41696.4,41335.47,-169.85,-4286.25,0,STOP LOSS,0.1841,15,75000,316.9,0.757,0.746,244.95,169.85,191.08,424.62,0.0,neutral,True,,75000,134323.75,1,130037.5
2022-11-15,2022-11-15 14:15:00,2022-11-15 15:30:00,2022,NSE-BANKNIFTY,ORB,LONG,42409.3,42561.05,42241.72,42597.82,151.75,3753.75,1,SQUARE OFF,0.3525,15,75000,95.75,0.227,0.229,113.9,167.58,188.52,418.94,0.0,neutral,True,,75000,130037.5,1,133791.25
2022-11-22,2022-11-22 15:00:00,2022-11-22 15:30:00,2022,NSE-BANKNIFTY,ORB,LONG,42485.65,42511.25,42346.27,42642.45,25.6,600.0,1,SQUARE OFF,0.2454,15,75000,74.4,0.176,0.214,80.0,139.38,156.8,348.45,0.0,neutral,True,,75000,133791.25,1,134391.25
2022-11-24,2022-11-24 10:30:00,2022-11-24 15:30:00,2022,NSE-BANKNIFTY,ORB,LONG,43183.75,43338.0,43056.09,43327.37,154.25,3816.25,1,SQUARE OFF,0.1384,15,75000,285.15,0.668,0.893,190.55,127.66,143.62,319.15,0.0,neutral,True,,75000,134391.25,1,138207.5
2022-12-02,2022-12-02 11:45:00,2022-12-02 14:15:00,2022,NSE-BANKNIFTY,ORB,SHORT,43200.65,43321.3,43321.3,43064.91,-120.65,-3056.25,0,STOP LOSS,0.4901,15,75000,215.0,0.495,0.713,142.75,120.65,135.74,301.64,0.0,neutral,True,,75000,138207.5,1,135151.25
2022-12-05,2022-12-05 12:00:00,2022-12-05 15:00:00,2022,NSE-BANKNIFTY,ORB,LONG,43432.35,43566.63,43312.99,43566.63,134.28,3317.0,1,TARGET HIT,0.1407,15,75000,91.55,0.211,0.307,119.4,119.36,134.28,298.41,0.0,neutral,True,,75000,135151.25,1,138468.25
2022-12-07,2022-12-07 10:45:00,2022-12-07 13:15:00,2022,NSE-BANKNIFTY,ORB,SHORT,43250.0,43370.09,43370.09,43114.89,-120.09,-3042.25,0,STOP LOSS,1.0,15,75000,108.4,0.249,0.361,136.3,120.09,135.11,300.24,0.0,neutral,True,,75000,138468.25,1,135426.0
2022-12-13,2022-12-13 10:15:00,2022-12-13 15:15:00,2022,NSE-BANKNIFTY,ORB,LONG,44043.35,44087.0,43898.26,44206.58,43.65,1051.25,1,SQUARE OFF,0.1264,15,75000,56.0,0.128,0.154,129.3,145.09,163.23,362.72,0.0,neutral,True,,75000,135426.0,1,136477.25
2022-12-20,2022-12-20 10:00:00,2022-12-20 11:45:00,2022,NSE-BANKNIFTY,ORB,SHORT,43212.95,43047.19,43360.29,43047.19,165.76,4104.0,1,TARGET HIT,0.3579,15,75000,171.1,0.393,0.464,196.3,147.34,165.76,368.36,0.0,neutral,True,,75000,136477.25,1,140581.25
2022-12-23,2022-12-23 10:00:00,2022-12-23 14:00:00,2022,NSE-BANKNIFTY,ORB,SHORT,42044.0,41831.18,42233.18,41831.18,212.82,5280.5,1,TARGET HIT,0.0423,15,75000,322.85,0.761,0.683,280.0,189.18,212.82,472.94,0.0,neutral,True,,75000,140581.25,1,145861.75
2022-12-26,2022-12-26 11:30:00,2022-12-26 14:15:00,2022,NSE-BANKNIFTY,ORB,LONG,42310.0,42532.75,42112.0,42532.75,222.75,5528.75,1,TARGET HIT,0.7892,15,75000,53.5,0.128,0.108,552.65,198.0,222.75,495.0,0.0,neutral,True,,75000,145861.75,1,151390.5
2023-01-09,2023-01-09 10:00:00,2023-01-09 15:30:00,2023,NSE-BANKNIFTY,ORB,LONG,42680.0,42741.0,42406.84,42987.3,61.0,1485.0,1,SQUARE OFF,0.1081,15,75000,133.5,0.315,0.195,304.85,273.16,307.3,682.89,0.0,neutral,True,,75000,151390.5,1,152875.5
2023-01-19,2023-01-19 14:15:00,2023-01-19 15:30:00,2023,NSE-BANKNIFTY,ORB,SHORT,42320.6,42316.0,42555.88,42055.91,4.6,75.0,1,SQUARE OFF,0.136,15,75000,68.1,0.16,0.116,188.2,235.28,264.69,588.2,0.0,neutral,True,,75000,152875.5,1,152950.5
2023-01-20,2023-01-20 10:00:00,2023-01-20 15:30:00,2023,NSE-BANKNIFTY,ORB,LONG,42655.85,42549.1,42429.91,42910.03,-106.75,-2708.75,0,SQUARE OFF,0.3346,15,75000,139.1,0.329,0.246,263.8,225.94,254.18,564.85,0.0,neutral,True,,75000,152950.5,1,150241.75
2023-01-27,2023-01-27 10:00:00,2023-01-27 12:15:00,2023,NSE-BANKNIFTY,ORB,SHORT,41000.0,40744.17,41227.41,40744.17,255.83,6355.75,1,TARGET HIT,0.1173,15,75000,133.0,0.318,0.234,780.05,227.41,255.83,568.52,0.0,neutral,True,,75000,150241.75,1,156597.5
2023-02-01,2023-02-01 11:30:00,2023-02-01 12:30:00,2023,NSE-BANKNIFTY,ORB,LONG,41516.2,41815.67,41250.0,41815.67,299.47,7446.75,1,TARGET HIT,0.0811,15,75000,359.0,0.873,0.539,299.95,266.2,299.47,665.49,0.0,neutral,True,,75000,156597.5,1,164044.25
2023-02-03,2023-02-03 14:30:00,2023-02-03 15:30:00,2023,NSE-BANKNIFTY,ORB,LONG,41535.3,41684.85,41201.53,41910.79,149.55,3698.75,1,SQUARE OFF,0.3647,15,75000,276.8,0.675,0.332,354.0,333.77,375.49,834.41,0.0,neutral,True,,75000,164044.25,1,167743.0
2023-02-06,2023-02-06 13:30:00,2023-02-06 14:45:00,2023,NSE-BANKNIFTY,VWAP_REV,LONG,41637.0,41529.0,41207.41,42281.39,-108.0,-5440.0,0,SQUARE OFF,0.1979,15,75000,24.8,,,,429.59,644.39,859.19,,neutral,True,0.099,75000,167743.0,2,162303.0
2023-02-07,2023-02-07 14:45:00,2023-02-07 15:15:00,2023,NSE-BANKNIFTY,ORB,LONG,41727.95,41640.0,41388.7,42109.6,-87.95,-2238.75,0,SQUARE OFF,0.1957,15,75000,120.3,0.29,0.142,173.15,339.25,381.65,848.11,0.0,neutral,True,,75000,162303.0,1,160064.25
2023-02-17,2023-02-17 10:45:00,2023-02-17 13:00:00,2023,NSE-BANKNIFTY,ORB,SHORT,41359.3,41029.03,41652.87,41029.03,330.27,8216.75,1,TARGET HIT,0.1942,15,75000,140.05,0.336,0.191,172.8,293.57,330.27,733.94,0.0,neutral,True,,75000,160064.25,1,168281.0
2023-02-21,2023-02-21 12:15:00,2023-02-21 14:45:00,2023,NSE-BANKNIFTY,VWAP_REV,SHORT,40689.05,40650.75,41027.95,40180.69,38.3,1875.0,1,SQUARE OFF,0.4352,15,75000,25.25,,,,338.9,508.36,677.81,,neutral,True,0.218,75000,168281.0,2,170156.0
2023-02-22,2023-02-22 10:00:00,2023-02-22 11:45:00,2023,NSE-BANKNIFTY,ORB,SHORT,40382.5,40144.93,40593.68,40144.93,237.57,11838.5,1,TARGET HIT,0.0552,15,75000,192.9,0.474,0.365,193.3,211.18,237.57,527.94,0.0,neutral,True,,75000,170156.0,2,181994.5
2023-04-05,2023-04-05 13:00:00,2023-04-05 15:30:00,2023,NSE-BANKNIFTY,ORB,LONG,41219.3,41141.0,41036.7,41424.72,-78.3,-3955.0,0,SQUARE OFF,0.582,15,75000,95.25,0.232,0.209,172.6,182.6,205.42,456.49,0.0,neutral,True,,75000,181994.5,2,178039.5
2023-04-11,2023-04-11 10:00:00,2023-04-11 15:15:00,2023,NSE-BANKNIFTY,ORB,LONG,41404.3,41500.0,41227.86,41602.79,95.7,4745.0,1,SQUARE OFF,0.4103,15,75000,353.0,0.862,0.8,275.0,176.44,198.49,441.09,0.0,neutral,True,,75000,178039.5,2,182784.5
2023-04-13,2023-04-13 13:45:00,2023-04-13 14:45:00,2023,NSE-BANKNIFTY,ORB,LONG,41881.15,42076.96,41707.1,42076.96,195.81,9750.5,1,TARGET HIT,0.1019,15,75000,76.15,0.183,0.175,287.85,174.05,195.81,435.13,0.0,neutral,True,,75000,182784.5,2,192535.0
2023-04-18,2023-04-18 11:15:00,2023-04-18 13:30:00,2023,NSE-BANKNIFTY,ORB,LONG,42495.45,42304.45,42304.45,42710.33,-191.0,-9590.0,0,STOP LOSS,0.0785,15,75000,146.0,0.345,0.306,154.2,191.0,214.88,477.5,0.0,neutral,True,,75000,192535.0,2,182945.0
2023-04-24,2023-04-24 12:45:00,2023-04-24 15:15:00,2023,NSE-BANKNIFTY,ORB,LONG,42523.85,42666.0,42353.86,42715.09,142.15,7067.5,1,SQUARE OFF,0.4828,15,75000,229.95,0.546,0.541,182.3,169.99,191.24,424.99,0.0,neutral,True,,75000,182945.0,2,190012.5
2023-05-08,2023-05-08 10:15:00,2023-05-08 15:30:00,2023,NSE-BANKNIFTY,ORB,LONG,43284.5,43330.0,43119.9,43469.67,45.5,2235.0,1,SQUARE OFF,0.5695,15,75000,69.95,0.164,0.17,464.15,164.6,185.17,411.49,0.0,neutral,True,,75000,190012.5,2,192247.5
2023-05-09,2023-05-09 12:30:00,2023-05-09 13:45:00,2023,NSE-BANKNIFTY,ORB,LONG,43495.0,43332.74,43332.74,43677.54,-162.26,-8153.0,0,STOP LOSS,0.0575,15,75000,75.0,0.173,0.185,197.2,162.26,182.54,405.65,0.0,neutral,True,,75000,192247.5,2,184094.5
2023-05-10,2023-05-10 10:30:00,2023-05-10 14:45:00,2023,NSE-BANKNIFTY,VWAP_REV,LONG,43061.4,43225.05,42858.39,43365.91,163.65,8142.5,1,SQUARE OFF,0.0175,15,75000,11.0,,,,203.01,304.51,406.02,,neutral,True,0.009,75000,184094.5,2,192237.0
2023-05-11,2023-05-11 10:30:00,2023-05-11 15:30:00,2023,NSE-BANKNIFTY,ORB,LONG,43588.25,43490.0,43420.42,43777.06,-98.25,-4952.5,0,SQUARE OFF,0.3126,15,75000,174.95,0.404,0.417,188.9,167.83,188.81,419.58,0.0,neutral,True,,75000,192237.0,2,187284.5
2023-05-23,2023-05-23 10:00:00,2023-05-23 15:15:00,2023,NSE-BANKNIFTY,ORB,LONG,44013.25,43945.0,43829.12,44220.4,-68.25,-3452.5,0,SQUARE OFF,0.0742,15,75000,70.85,0.161,0.154,101.0,184.13,207.15,460.33,0.0,neutral,True,,75000,187284.5,2,183832.0
2023-05-24,2023-05-24 14:30:00,2023-05-24 15:15:00,2023,NSE-BANKNIFTY,ORB,SHORT,43750.1,43713.0,43932.72,43544.66,37.1,1815.0,1,SQUARE OFF,0.0595,15,75000,119.6,0.272,0.262,113.75,182.62,205.44,456.54,0.0,neutral,True,,75000,183832.0,2,185647.0
2023-05-29,2023-05-29 11:00:00,2023-05-29 14:15:00,2023,NSE-BANKNIFTY,ORB,LONG,44484.0,44329.07,44329.07,44658.3,-154.93,-7786.5,0,STOP LOSS,0.1351,15,75000,155.0,0.352,0.4,268.3,154.93,174.3,387.32,0.0,neutral,True,,75000,185647.0,2,177860.5
2023-05-31,2023-05-31 11:45:00,2023-05-31 15:00:00,2023,NSE-BANKNIFTY,ORB,SHORT,44070.0,44215.03,44215.03,43906.84,-145.03,-7291.5,0,STOP LOSS,0.8504,15,75000,118.7,0.267,0.327,262.5,145.03,163.16,362.57,0.0,neutral,True,,75000,177860.5,2,170569.0
2023-06-02,2023-06-02 13:00:00,2023-06-02 14:15:00,2023,NSE-BANKNIFTY,ORB,LONG,44225.0,44078.77,44078.77,44389.51,-146.23,-7351.5,0,STOP LOSS,0.4368,15,75000,130.6,0.297,0.357,123.8,146.23,164.51,365.57,0.0,neutral,True,,75000,170569.0,2,163217.5
2023-06-05,2023-06-05 10:45:00,2023-06-05 15:30:00,2023,NSE-BANKNIFTY,ORB,LONG,44363.55,44282.0,44220.85,44524.09,-81.55,-2078.75,0,SQUARE OFF,0.1266,15,75000,167.05,0.379,0.468,147.3,142.7,160.54,356.75,0.0,neutral,True,,75000,163217.5,1,161138.75
2023-06-16,2023-06-16 10:00:00,2023-06-16 14:30:00,2023,NSE-BANKNIFTY,ORB,LONG,43819.7,43958.37,43696.44,43958.37,138.67,3426.75,1,TARGET HIT,0.3754,15,75000,86.05,0.197,0.279,185.0,123.26,138.67,308.15,0.0,neutral,True,,75000,161138.75,1,164565.5
2023-06-20,2023-06-20 10:15:00,2023-06-20 12:45:00,2023,NSE-BANKNIFTY,ORB,SHORT,43457.0,43597.19,43597.19,43299.28,-140.19,-3544.75,0,STOP LOSS,0.8113,15,75000,51.0,0.116,0.146,215.45,140.19,157.72,350.48,0.0,neutral,True,,75000,164565.5,1,161020.75
2023-06-21,2023-06-21 12:30:00,2023-06-21 14:45:00,2023,NSE-BANKNIFTY,VWAP_REV,LONG,43908.1,43948.4,43731.93,44172.36,40.3,967.5,1,SQUARE OFF,0.068,15,75000,20.55,,,,176.17,264.26,352.35,,neutral,True,0.034,75000,161020.75,1,161988.25
2023-06-22,2023-06-22 13:30:00,2023-06-22 14:15:00,2023,NSE-BANKNIFTY,VWAP_REV,LONG,44046.05,43876.21,43876.21,44300.81,-169.84,-4286.0,0,STOP LOSS,0.5334,15,75000,1.0,,,,169.84,254.76,339.68,,neutral,True,0.267,75000,161988.25,1,157702.25
2023-06-27,2023-06-27 11:45:00,2023-06-27 14:15:00,2023,NSE-BANKNIFTY,ORB,LONG,43796.95,43962.1,43650.15,43962.1,165.15,4088.75,1,TARGET HIT,0.109,15,75000,73.4,0.168,0.2,68.9,146.8,165.15,367.0,0.0,neutral,True,,75000,157702.25,1,161791.0
2023-06-28,2023-06-28 11:15:00,2023-06-28 15:30:00,2023,NSE-BANKNIFTY,ORB,LONG,44499.95,44490.0,44343.75,44675.68,-9.95,-288.75,0,SQUARE OFF,0.1716,15,75000,290.05,0.657,0.743,219.5,156.2,175.73,390.51,0.0,neutral,True,,75000,161791.0,1,161502.25
2023-06-30,2023-06-30 12:00:00,2023-06-30 15:30:00,2023,NSE-BANKNIFTY,ORB,LONG,44789.0,44855.3,44637.12,44959.87,66.3,1617.5,1,SQUARE OFF,0.129,15,75000,135.5,0.305,0.357,223.2,151.88,170.87,379.7,0.0,neutral,True,,75000,161502.25,1,163119.75
2023-07-03,2023-07-03 10:00:00,2023-07-03 11:00:00,2023,NSE-BANKNIFTY,ORB,LONG,45400.0,45246.45,45246.45,45572.75,-153.55,-3878.75,0,STOP LOSS,0.6074,15,75000,133.7,0.298,0.348,423.8,153.55,172.75,383.89,0.0,neutral,True,,75000,163119.75,1,159241.0
2023-07-07,2023-07-07 10:30:00,2023-07-07 12:00:00,2023,NSE-BANKNIFTY,ORB,SHORT,45136.0,44945.94,45304.94,44945.94,190.06,4711.5,1,TARGET HIT,0.3551,15,75000,175.0,0.385,0.414,118.5,168.94,190.06,422.36,0.0,neutral,True,,75000,159241.0,1,163952.5
2023-07-11,2023-07-11 11:15:00,2023-07-11 14:00:00,2023,NSE-BANKNIFTY,ORB,LONG,45137.95,44978.13,44978.13,45317.74,-159.82,-4035.5,0,STOP LOSS,0.0755,15,75000,91.1,0.203,0.228,123.85,159.82,179.79,399.54,0.0,neutral,True,,75000,163952.5,1,159917.0
2023-07-13,2023-07-13 11:15:00,2023-07-13 13:45:00,2023,NSE-BANKNIFTY,ORB,LONG,45118.35,44960.12,44960.12,45296.36,-158.23,-3995.75,0,STOP LOSS,0.1639,15,75000,293.0,0.654,0.741,225.9,158.23,178.01,395.58,0.0,neutral,True,,75000,159917.0,1,155921.25
2023-07-19,2023-07-19 10:15:00,2023-07-19 11:15:00,2023,NSE-BANKNIFTY,ORB,LONG,45665.0,45492.22,45492.22,45859.37,-172.78,-4359.5,0,STOP LOSS,0.0679,15,75000,189.0,0.416,0.438,115.75,172.78,194.37,431.94,0.0,neutral,True,,75000,155921.25,1,151561.75
2023-07-24,2023-07-24 11:45:00,2023-07-24 12:45:00,2023,NSE-BANKNIFTY,ORB,SHORT,45871.15,46043.2,46043.2,45677.6,-172.05,-4341.25,0,STOP LOSS,1.0,15,75000,71.3,0.154,0.166,158.9,172.05,193.55,430.12,0.0,neutral,True,,75000,151561.75,1,147220.5
2023-07-28,2023-07-28 12:45:00,2023-07-28 15:30:00,2023,NSE-BANKNIFTY,ORB,SHORT,45594.95,45675.0,45768.63,45399.56,-80.05,-2041.25,0,SQUARE OFF,0.048,15,75000,110.0,0.239,0.253,398.8,173.68,195.39,434.21,0.0,neutral,True,,75000,147220.5,1,145179.25
2023-08-02,2023-08-02 10:15:00,2023-08-02 11:00:00,2023,NSE-BANKNIFTY,ORB,SHORT,45397.45,45200.61,45572.42,45200.61,196.84,4881.0,1,TARGET HIT,0.1452,15,75000,246.15,0.538,0.563,158.5,174.97,196.84,437.41,0.0,neutral,True,,75000,145179.25,1,150060.25
2023-08-03,2023-08-03 10:00:00,2023-08-03 12:30:00,2023,NSE-BANKNIFTY,ORB,SHORT,44945.0,44738.78,45128.31,44738.78,206.22,5115.5,1,TARGET HIT,0.1091,15,75000,130.0,0.288,0.284,225.0,183.31,206.22,458.27,0.0,neutral,True,,75000,150060.25,1,155175.75
2023-08-07,2023-08-07 13:15:00,2023-08-07 15:15:00,2023,NSE-BANKNIFTY,ORB,LONG,45103.45,44948.0,44914.32,45316.22,-155.45,-3926.25,0,SQUARE OFF,0.0638,15,75000,78.95,0.176,0.167,178.45,189.13,212.77,472.82,0.0,neutral,True,,75000,155175.75,1,151249.5
2023-08-08,2023-08-08 11:00:00,2023-08-08 14:45:00,2023,NSE-BANKNIFTY,VWAP_REV,SHORT,45087.55,45058.15,45312.48,44750.15,29.4,695.0,1,SQUARE OFF,0.0656,15,75000,24.3,,,,224.93,337.4,449.87,,neutral,True,0.033,75000,151249.5,1,151944.5
2023-08-10,2023-08-10 10:15:00,2023-08-10 15:30:00,2023,NSE-BANKNIFTY,ORB,SHORT,44794.45,44751.1,44971.22,44595.58,43.35,1043.75,1,SQUARE OFF,0.4944,15,75000,73.75,0.164,0.167,131.5,176.77,198.87,441.94,0.0,neutral,True,,75000,151944.5,1,152988.25
2023-08-24,2023-08-24 10:00:00,2023-08-24 10:45:00,2023,NSE-BANKNIFTY,ORB,LONG,44959.0,44802.5,44802.5,45135.06,-156.5,-3952.5,0,STOP LOSS,0.4081,15,75000,155.3,0.349,0.397,231.95,156.5,176.06,391.24,0.0,neutral,True,,75000,152988.25,1,149035.75
2023-08-25,2023-08-25 10:15:00,2023-08-25 11:15:00,2023,NSE-BANKNIFTY,ORB,SHORT,44092.45,44242.88,44242.88,43923.22,-150.43,-3800.75,0,STOP LOSS,0.823,15,75000,175.0,0.393,0.465,214.4,150.43,169.23,376.06,0.0,neutral,True,,75000,149035.75,1,145235.0
2023-08-28,2023-08-28 11:15:00,2023-08-28 14:00:00,2023,NSE-BANKNIFTY,ORB,LONG,44430.85,44593.81,44285.99,44593.81,162.96,4034.0,1,TARGET HIT,0.5909,15,75000,129.0,0.292,0.356,149.45,144.86,162.96,362.14,0.0,neutral,True,,75000,145235.0,1,149269.0
2023-09-01,2023-09-01 10:00:00,2023-09-01 11:00:00,2023,NSE-BANKNIFTY,ORB,SHORT,44115.5,44269.24,44269.24,43942.55,-153.74,-3883.5,0,STOP LOSS,0.5351,15,75000,90.85,0.205,0.236,124.75,153.74,172.95,384.34,0.0,neutral,True,,75000,149269.0,1,145385.5
2023-09-08,2023-09-08 11:30:00,2023-09-08 14:15:00,2023,NSE-BANKNIFTY,ORB,LONG,45306.95,45506.48,45129.59,45506.48,199.53,4948.25,1,TARGET HIT,0.895,15,75000,97.8,0.217,0.221,159.4,177.36,199.53,443.39,0.0,neutral,True,,75000,145385.5,1,150333.75
2023-09-11,2023-09-11 10:00:00,2023-09-11 15:30:00,2023,NSE-BANKNIFTY,ORB,LONG,45564.05,45752.2,45378.96,45772.28,188.15,4663.75,1,SQUARE OFF,0.3177,15,75000,132.7,0.293,0.287,119.95,185.09,208.23,462.73,0.0,neutral,True,,75000,150333.75,1,154997.5
2023-09-18,2023-09-18 15:00:00,2023-09-18 15:30:00,2023,NSE-BANKNIFTY,ORB,SHORT,46018.3,46026.1,46205.82,45807.34,-7.8,-235.0,0,SQUARE OFF,0.7786,15,75000,60.05,0.13,0.128,123.2,187.52,210.96,468.81,0.0,neutral,True,,75000,154997.5,1,154762.5
2023-09-20,2023-09-20 11:00:00,2023-09-20 15:15:00,2023,NSE-BANKNIFTY,ORB,SHORT,45542.85,45585.0,45732.54,45329.45,-42.15,-1093.75,0,SQUARE OFF,0.7672,15,75000,320.7,0.697,0.676,187.9,189.69,213.4,474.22,0.0,neutral,True,,75000,154762.5,1,153668.75
2023-09-21,2023-09-21 10:00:00,2023-09-21 12:00:00,2023,NSE-BANKNIFTY,ORB,SHORT,45178.7,44973.8,45360.84,44973.8,204.9,5082.5,1,TARGET HIT,0.2657,15,75000,190.2,0.417,0.418,179.8,182.14,204.9,455.34,0.0,neutral,True,,75000,153668.75,1,158751.25
2023-09-22,2023-09-22 10:45:00,2023-09-22 13:15:00,2023,NSE-BANKNIFTY,ORB,LONG,45043.65,44853.97,44853.97,45257.04,-189.68,-4782.0,0,STOP LOSS,0.1381,15,75000,53.5,0.12,0.113,299.05,189.68,213.39,474.19,0.0,neutral,True,,75000,158751.25,1,153969.25
2023-09-25,2023-09-25 11:45:00,2023-09-25 14:45:00,2023,NSE-BANKNIFTY,VWAP_REV,LONG,44680.75,44884.75,44449.93,45026.98,204.0,5060.0,1,SQUARE OFF,0.3764,15,75000,37.9,,,,230.82,346.23,461.64,,neutral,True,0.188,75000,153969.25,1,159029.25
2023-09-26,2023-09-26 12:30:00,2023-09-26 15:30:00,2023,NSE-BANKNIFTY,ORB,SHORT,44616.95,44656.0,44795.81,44415.74,-39.05,-1016.25,0,SQUARE OFF,0.2113,15,75000,113.0,0.252,0.253,167.35,178.86,201.21,447.14,0.0,neutral,True,,75000,159029.25,1,158013.0
2023-09-27,2023-09-27 10:00:00,2023-09-27 11:00:00,2023,NSE-BANKNIFTY,ORB,SHORT,44202.05,44381.66,44381.66,43999.99,-179.61,-4530.25,0,STOP LOSS,1.0,15,75000,106.1,0.238,0.236,116.6,179.61,202.06,449.02,0.0,neutral,True,,75000,158013.0,1,153482.75
2023-09-29,2023-09-29 10:00:00,2023-09-29 15:15:00,2023,NSE-BANKNIFTY,ORB,LONG,44843.0,44847.85,44659.01,45049.99,4.85,81.25,1,SQUARE OFF,0.4565,15,75000,182.05,0.408,0.396,159.7,183.99,206.99,459.98,0.0,neutral,True,,75000,153482.75,1,153564.0
2023-10-04,2023-10-04 10:00:00,2023-10-04 15:15:00,2023,NSE-BANKNIFTY,ORB,SHORT,44118.95,44255.15,44293.05,43923.08,-136.2,-3445.0,0,SQUARE OFF,0.3596,15,75000,228.8,0.513,0.526,224.1,174.1,195.87,435.26,0.0,neutral,True,,75000,153564.0,1,150119.0
2023-10-05,2023-10-05 11:15:00,2023-10-05 15:00:00,2023,NSE-BANKNIFTY,ORB,LONG,44537.3,44368.25,44368.25,44727.48,-169.05,-4266.25,0,STOP LOSS,0.1049,15,75000,94.85,0.214,0.224,244.0,169.05,190.18,422.63,0.0,neutral,True,,75000,150119.0,1,145852.75
2023-10-06,2023-10-06 10:30:00,2023-10-06 11:15:00,2023,NSE-BANKNIFTY,ORB,LONG,44583.4,44423.36,44423.36,44763.45,-160.04,-4041.0,0,STOP LOSS,0.4449,15,75000,100.5,0.226,0.251,112.95,160.04,180.05,400.11,0.0,neutral,True,,75000,145852.75,1,141811.75
2023-10-10,2023-10-10 12:00:00,2023-10-10 13:15:00,2023,NSE-BANKNIFTY,ORB,LONG,44391.4,44572.1,44230.78,44572.1,180.7,4477.5,1,TARGET HIT,0.9638,15,75000,237.9,0.541,0.592,195.3,160.62,180.7,401.55,0.0,neutral,True,,75000,141811.75,1,146289.25
2023-10-27,2023-10-27 11:00:00,2023-10-27 15:30:00,2023,NSE-BANKNIFTY,ORB,LONG,42969.75,43100.0,42800.63,43160.01,130.25,3216.25,1,SQUARE OFF,0.1951,15,75000,138.95,0.326,0.329,214.8,169.12,190.26,422.79,0.0,neutral,True,,75000,146289.25,1,149505.5
2023-11-06,2023-11-06 14:00:00,2023-11-06 15:30:00,2023,NSE-BANKNIFTY,ORB,LONG,43788.55,43855.55,43599.78,44000.91,67.0,1635.0,1,SQUARE OFF,0.0728,15,75000,92.05,0.212,0.195,179.4,188.77,212.36,471.92,0.0,neutral,True,,75000,149505.5,1,151140.5
2023-11-07,2023-11-07 13:30:00,2023-11-07 14:45:00,2023,NSE-BANKNIFTY,VWAP_REV,LONG,43664.45,43892.45,43429.77,44016.47,228.0,5660.0,1,SQUARE OFF,0.0818,15,75000,0.25,,,,234.68,352.02,469.36,,neutral,True,0.041,75000,151140.5,1,156800.5
2023-11-17,2023-11-17 10:00:00,2023-11-17 15:15:00,2023,NSE-BANKNIFTY,ORB,SHORT,43800.0,43688.25,43954.46,43626.24,111.75,2753.75,1,SQUARE OFF,0.2214,15,75000,378.2,0.854,0.979,240.55,154.46,173.76,386.14,0.0,neutral,True,,75000,156800.5,1,159554.25
2023-11-20,2023-11-20 11:00:00,2023-11-20 14:45:00,2023,NSE-BANKNIFTY,VWAP_REV,SHORT,43670.1,43795.85,43864.83,43378.0,-125.75,-1926.25,0,SQUARE OFF,0.327,15,75000,36.35,,,,194.73,292.1,389.46,,neutral,True,0.163,75000,159554.25,1,157628.0
2023-11-24,2023-11-24 13:00:00,2023-11-24 14:15:00,2023,NSE-BANKNIFTY,VWAP_REV,SHORT,43644.4,43806.96,43806.96,43400.56,-162.56,-2478.4,0,STOP LOSS,0.3552,15,75000,15.85,,,,162.56,243.84,325.12,,neutral,True,0.178,75000,157628.0,1,155149.6
2023-11-28,2023-11-28 10:30:00,2023-11-28 12:45:00,2023,NSE-BANKNIFTY,ORB,LONG,43880.0,44029.04,43747.52,44029.04,149.04,2195.6,1,TARGET HIT,0.1062,15,75000,72.95,0.167,0.22,78.35,132.48,149.04,331.19,0.0,neutral,True,,75000,155149.6,1,157345.2
2023-11-29,2023-11-29 10:00:00,2023-11-29 11:30:00,2023,NSE-BANKNIFTY,ORB,LONG,44165.05,44313.7,44032.91,44313.7,148.65,2189.75,1,TARGET HIT,0.2371,15,75000,94.05,0.214,0.285,119.45,132.14,148.65,330.34,0.0,neutral,True,,75000,157345.2,1,159534.95
2023-12-05,2023-12-05 10:00:00,2023-12-05 10:15:00,2023,NSE-BANKNIFTY,ORB,LONG,47230.55,47421.51,47060.8,47421.51,190.96,2824.4,1,TARGET HIT,1.0,15,75000,153.25,0.328,0.361,295.85,169.75,190.96,424.36,0.0,neutral,True,,75000,159534.95,1,162359.35
2023-12-08,2023-12-08 12:15:00,2023-12-08 14:45:00,2023,NSE-BANKNIFTY,VWAP_REV,SHORT,47172.6,47347.7,47420.36,46800.96,-175.1,-2666.5,0,SQUARE OFF,0.0298,15,75000,36.95,,,,247.76,371.64,495.52,,neutral,True,0.015,75000,162359.35,1,159692.85
2023-12-14,2023-12-14 10:00:00,2023-12-14 15:15:00,2023,NSE-BANKNIFTY,ORB,LONG,48103.45,48070.0,47896.14,48336.67,-33.45,-541.75,0,SQUARE OFF,1.0,15,75000,262.2,0.553,0.506,289.7,207.31,233.22,518.26,0.0,neutral,True,,75000,159692.85,1,159151.1
2023-12-18,2023-12-18 14:30:00,2023-12-18 15:30:00,2023,NSE-BANKNIFTY,ORB,SHORT,47955.6,47914.65,48182.6,47700.22,40.95,574.25,1,SQUARE OFF,0.0846,15,75000,215.0,0.446,0.379,236.35,227.0,255.37,567.5,0.0,neutral,True,,75000,159151.1,1,159725.35
2023-12-22,2023-12-22 12:15:00,2023-12-22 13:45:00,2023,NSE-BANKNIFTY,VWAP_REV,SHORT,48006.25,47537.58,48318.7,47537.58,468.67,6990.05,1,TARGET HIT,0.1891,15,75000,2.9,,,,312.45,468.67,624.9,,neutral,True,0.095,75000,159725.35,1,166715.4
2023-12-27,2023-12-27 12:15:00,2023-12-27 14:45:00,2023,NSE-BANKNIFTY,VWAP_REV,SHORT,48089.15,48221.95,48382.42,47649.24,-132.8,-4024.0,0,SQUARE OFF,0.0087,15,75000,17.5,,,,293.27,439.91,586.55,,neutral,True,0.004,75000,166715.4,2,162691.4
2024-02-01,2024-02-01 11:30:00,2024-02-01 12:45:00,2024,NSE-BANKNIFTY,VWAP_REV,SHORT,46152.9,46466.81,46466.81,45682.03,-313.91,-4748.65,0,STOP LOSS,0.094,15,75000,45.55,,,,313.91,470.87,627.83,,neutral,True,0.047,75000,162691.4,1,157942.75
2024-02-02,2024-02-02 11:30:00,2024-02-02 12:30:00,2024,NSE-BANKNIFTY,ORB,LONG,47069.0,46816.12,46816.12,47353.49,-252.88,-3833.2,0,STOP LOSS,0.7382,15,75000,260.0,0.56,0.411,233.0,252.88,284.49,632.19,0.0,neutral,True,,75000,157942.75,1,154109.55
2024-02-06,2024-02-06 12:15:00,2024-02-06 14:45:00,2024,NSE-BANKNIFTY,VWAP_REV,SHORT,45927.7,45927.65,46268.91,45415.88,0.05,-39.25,0,SQUARE OFF,0.0959,15,75000,1.2,,,,341.21,511.82,682.43,,neutral,True,0.048,75000,154109.55,1,154070.3
2024-02-13,2024-02-13 10:00:00,2024-02-13 12:00:00,2024,NSE-BANKNIFTY,ORB,LONG,45594.7,45262.76,45262.76,45968.14,-331.94,-5019.1,0,STOP LOSS,0.9628,15,75000,125.35,0.278,0.151,343.7,331.94,373.44,829.86,0.0,neutral,True,,75000,154070.3,1,149051.19999999998
2024-02-23,2024-02-23 10:00:00,2024-02-23 10:30:00,2024,NSE-BANKNIFTY,ORB,LONG,47314.85,47007.36,47007.36,47660.78,-307.49,-4652.35,0,STOP LOSS,0.3116,15,75000,120.0,0.255,0.156,250.95,307.49,345.93,768.72,0.0,neutral,True,,75000,149051.19999999998,1,144398.84999999998
2024-02-27,2024-02-27 11:15:00,2024-02-27 14:45:00,2024,NSE-BANKNIFTY,VWAP_REV,LONG,46514.85,46574.0,46125.62,47098.69,59.15,847.25,1,SQUARE OFF,0.1378,15,75000,30.0,,,,389.22,583.84,778.45,,neutral,True,0.069,75000,144398.84999999998,1,145246.09999999998
2024-05-08,2024-05-08 11:45:00,2024-05-08 14:45:00,2024,NSE-BANKNIFTY,VWAP_REV,LONG,48246.1,48193.25,47945.16,48697.51,-52.85,-832.75,0,SQUARE OFF,0.2113,15,75000,32.0,,,,300.94,451.41,601.89,,neutral,True,0.106,75000,145246.09999999998,1,144413.34999999998
2024-05-10,2024-05-10 10:45:00,2024-05-10 14:45:00,2024,NSE-BANKNIFTY,VWAP_REV,SHORT,47850.0,47578.75,48152.95,47395.58,271.25,4028.75,1,SQUARE OFF,0.1465,15,75000,38.0,,,,302.95,454.42,605.9,,neutral,True,0.073,75000,144413.34999999998,1,148442.09999999998
2024-05-13,2024-05-13 11:00:00,2024-05-13 13:45:00,2024,NSE-BANKNIFTY,VWAP_REV,LONG,47382.5,47828.85,47084.93,47828.85,446.35,6655.25,1,TARGET HIT,0.0484,15,75000,12.4,,,,297.57,446.35,595.14,,neutral,True,0.024,75000,148442.09999999998,1,155097.34999999998
2024-05-17,2024-05-17 12:00:00,2024-05-17 14:45:00,2024,NSE-BANKNIFTY,VWAP_REV,SHORT,48133.1,48183.5,48454.78,47650.58,-50.4,-796.0,0,SQUARE OFF,0.0618,15,75000,0.05,,,,321.68,482.52,643.36,,neutral,True,0.031,75000,155097.34999999998,1,154301.34999999998
2024-05-21,2024-05-21 10:00:00,2024-05-21 12:00:00,2024,NSE-BANKNIFTY,ORB,SHORT,48105.0,48337.36,48337.36,47843.6,-232.36,-3525.4,0,STOP LOSS,0.1822,15,75000,106.8,0.221,0.184,193.25,232.36,261.4,580.89,0.0,neutral,True,,75000,154301.34999999998,1,150775.94999999998
2024-05-24,2024-05-24 10:45:00,2024-05-24 14:45:00,2024,NSE-BANKNIFTY,VWAP_REV,LONG,48882.1,49051.45,48587.09,49324.61,169.35,2500.25,1,SQUARE OFF,0.1795,15,75000,21.35,,,,295.01,442.51,590.02,,neutral,True,0.09,75000,150775.94999999998,1,153276.19999999998
2024-05-27,2024-05-27 10:15:00,2024-05-27 11:45:00,2024,NSE-BANKNIFTY,ORB,LONG,49350.0,49611.61,49117.45,49611.61,261.61,3884.15,1,TARGET HIT,0.1178,15,75000,79.1,0.161,0.136,256.4,232.55,261.61,581.36,0.0,neutral,True,,75000,153276.19999999998,1,157160.34999999998
2024-07-19,2024-07-19 10:00:00,2024-07-19 11:00:00,2024,NSE-BANKNIFTY,ORB,SHORT,52387.85,52153.0,52596.61,52153.0,234.85,3482.75,1,TARGET HIT,0.1843,15,75000,120.3,0.228,0.231,223.3,208.76,234.85,521.89,0.0,neutral,True,,75000,157160.34999999998,1,160643.09999999998
2024-07-24,2024-07-24 10:15:00,2024-07-24 11:15:00,2024,NSE-BANKNIFTY,ORB,SHORT,51484.0,51242.79,51698.41,51242.79,241.21,3578.15,1,TARGET HIT,0.3551,15,75000,153.85,0.297,0.287,433.75,214.41,241.21,536.02,0.0,neutral,True,,75000,160643.09999999998,1,164221.24999999997
2024-07-29,2024-07-29 10:45:00,2024-07-29 12:00:00,2024,NSE-BANKNIFTY,ORB,LONG,52163.2,51933.98,51933.98,52421.07,-229.22,-3478.3,0,STOP LOSS,1.0,15,75000,239.5,0.467,0.418,552.9,229.22,257.87,573.04,0.0,neutral,True,,75000,164221.24999999997,1,160742.94999999998
2024-07-31,2024-07-31 10:00:00,2024-07-31 15:30:00,2024,NSE-BANKNIFTY,ORB,LONG,51826.65,51887.0,51564.4,52121.69,60.35,865.25,1,SQUARE OFF,0.1002,15,75000,298.3,0.58,0.455,155.95,262.25,295.04,655.64,0.0,neutral,True,,75000,160742.94999999998,1,161608.19999999998
2024-08-08,2024-08-08 10:00:00,2024-08-08 11:15:00,2024,NSE-BANKNIFTY,ORB,SHORT,50082.3,50371.47,50371.47,49756.98,-289.17,-4377.55,0,STOP LOSS,0.4274,15,75000,160.0,0.317,0.221,137.35,289.17,325.32,722.94,0.0,neutral,True,,75000,161608.19999999998,1,157230.65
2024-08-13,2024-08-13 10:15:00,2024-08-13 12:45:00,2024,NSE-BANKNIFTY,ORB,SHORT,50483.25,50175.24,50757.04,50175.24,308.01,4580.15,1,TARGET HIT,0.2408,15,75000,134.7,0.265,0.197,213.4,273.79,308.01,684.47,0.0,neutral,True,,75000,157230.65,1,161810.8
2024-08-20,2024-08-20 10:00:00,2024-08-20 15:30:00,2024,NSE-BANKNIFTY,ORB,LONG,50860.0,50868.0,50612.04,51138.95,8.0,80.0,1,SQUARE OFF,0.5646,15,75000,58.95,0.117,0.095,248.8,247.96,278.95,619.9,0.0,neutral,True,,75000,161810.8,1,161890.8
2024-08-22,2024-08-22 12:45:00,2024-08-22 15:30:00,2024,NSE-BANKNIFTY,ORB,LONG,51100.9,51035.0,50853.15,51379.62,-65.9,-1028.5,0,SQUARE OFF,0.0396,15,75000,115.6,0.227,0.187,242.5,247.75,278.72,619.39,0.0,neutral,True,,75000,161890.8,1,160862.3
2024-08-26,2024-08-26 10:00:00,2024-08-26 15:30:00,2024,NSE-BANKNIFTY,ORB,LONG,51367.15,51212.0,51132.92,51630.66,-155.15,-2367.25,0,SQUARE OFF,0.4107,15,75000,168.0,0.33,0.287,275.0,234.23,263.51,585.57,0.0,neutral,True,,75000,160862.3,1,158495.05
2024-09-30,2024-09-30 10:00:00,2024-09-30 13:30:00,2024,NSE-BANKNIFTY,ORB,SHORT,53600.0,53383.1,53792.8,53383.1,216.9,3213.5,1,TARGET HIT,0.6933,15,75000,204.1,0.377,0.423,342.15,192.8,216.9,482.0,0.0,neutral,True,,75000,158495.05,1,161708.55
2024-10-01,2024-10-01 11:15:00,2024-10-01 14:45:00,2024,NSE-BANKNIFTY,VWAP_REV,LONG,53451.0,53376.05,53197.13,53831.8,-74.95,-1164.25,0,SQUARE OFF,0.038,15,75000,32.35,,,,253.87,380.8,507.74,,neutral,True,0.019,75000,161708.55,1,160544.3
2024-10-04,2024-10-04 13:30:00,2024-10-04 15:00:00,2024,NSE-BANKNIFTY,ORB,SHORT,52020.0,51796.14,52218.98,51796.14,223.86,3317.9,1,TARGET HIT,0.9515,15,75000,141.1,0.269,0.284,320.3,198.98,223.86,497.46,0.0,neutral,True,,75000,160544.3,1,163862.19999999998
2024-10-08,2024-10-08 10:15:00,2024-10-08 15:30:00,2024,NSE-BANKNIFTY,ORB,LONG,51358.0,51435.0,51131.51,51612.8,77.0,1115.0,1,SQUARE OFF,0.4595,15,75000,62.1,0.122,0.11,401.9,226.49,254.8,566.21,0.0,neutral,True,,75000,163862.19999999998,1,164977.19999999998
2024-10-09,2024-10-09 10:15:00,2024-10-09 10:30:00,2024,NSE-BANKNIFTY,VWAP_REV,SHORT,51567.0,51860.58,51860.58,51126.63,-293.58,-4443.7,0,STOP LOSS,0.2164,15,75000,25.0,,,,293.58,440.37,587.16,,neutral,True,0.108,75000,164977.19999999998,1,160533.49999999997
2024-10-10,2024-10-10 10:00:00,2024-10-10 15:30:00,2024,NSE-BANKNIFTY,ORB,LONG,51737.3,51790.2,51498.12,52006.37,52.9,753.5,1,SQUARE OFF,0.8546,15,75000,109.9,0.214,0.184,153.0,239.18,269.07,597.94,0.0,neutral,True,,75000,160533.49999999997,1,161286.99999999997
2024-10-14,2024-10-14 10:00:00,2024-10-14 15:30:00,2024,NSE-BANKNIFTY,ORB,LONG,51850.0,52098.9,51597.72,52133.81,248.9,3693.5,1,SQUARE OFF,0.1763,15,75000,78.9,0.154,0.125,390.25,252.28,283.81,630.69,0.0,neutral,True,,75000,161286.99999999997,1,164980.49999999997
2024-10-25,2024-10-25 10:00:00,2024-10-25 15:30:00,2024,NSE-BANKNIFTY,ORB,SHORT,50665.0,50895.5,50955.87,50337.77,-230.5,-3497.5,0,SQUARE OFF,1.0,15,75000,147.6,0.286,0.203,553.7,290.87,327.23,727.19,0.0,neutral,True,,75000,164980.49999999997,1,161482.99999999997
2024-10-28,2024-10-28 10:00:00,2024-10-28 15:30:00,2024,NSE-BANKNIFTY,ORB,LONG,51460.0,51396.0,51174.41,51781.29,-64.0,-1000.0,0,SQUARE OFF,0.2958,15,75000,209.8,0.412,0.294,382.15,285.59,321.29,713.98,0.0,neutral,True,,75000,161482.99999999997,1,160482.99999999997
2024-10-31,2024-10-31 11:45:00,2024-10-31 14:00:00,2024,NSE-BANKNIFTY,ORB,SHORT,52078.75,51752.61,52368.66,51752.61,326.14,4852.1,1,TARGET HIT,0.0989,15,75000,88.15,0.169,0.122,199.75,289.91,326.14,724.76,0.0,neutral,True,,75000,160482.99999999997,1,165335.09999999998
2024-11-04,2024-11-04 10:45:00,2024-11-04 15:30:00,2024,NSE-BANKNIFTY,ORB,SHORT,51470.3,51535.0,51761.87,51142.29,-64.7,-1010.5,0,SQUARE OFF,0.3455,15,75000,84.2,0.162,0.116,448.05,291.57,328.01,728.91,0.0,neutral,True,,75000,165335.09999999998,1,164324.59999999998
2024-11-05,2024-11-05 10:30:00,2024-11-05 13:15:00,2024,NSE-BANKNIFTY,VWAP_REV,SHORT,51426.2,51791.85,51791.85,50877.73,-365.65,-5524.75,0,STOP LOSS,0.3907,15,75000,35.0,,,,365.65,548.47,731.29,,neutral,True,0.195,75000,164324.59999999998,1,158799.84999999998
2024-11-07,2024-11-07 10:00:00,2024-11-07 15:15:00,2024,NSE-BANKNIFTY,ORB,SHORT,52158.95,52175.0,52477.59,51800.48,-16.05,-280.75,0,SQUARE OFF,0.6363,15,75000,135.3,0.257,0.17,319.0,318.64,358.47,796.59,0.0,neutral,True,,75000,158799.84999999998,1,158519.09999999998
2024-11-08,2024-11-08 11:45:00,2024-11-08 13:15:00,2024,NSE-BANKNIFTY,ORB,SHORT,51735.5,52046.98,52046.98,51385.08,-311.48,-4712.2,0,STOP LOSS,0.4944,15,75000,64.95,0.124,0.083,327.05,311.48,350.42,778.71,0.0,neutral,True,,75000,158519.09999999998,1,153806.89999999997
2024-11-14,2024-11-14 10:45:00,2024-11-14 15:30:00,2024,NSE-BANKNIFTY,ORB,SHORT,50306.9,50333.0,50630.92,49942.38,-26.1,-431.5,0,SQUARE OFF,0.1595,15,75000,106.05,0.21,0.131,279.3,324.02,364.52,810.04,0.0,neutral,True,,75000,153806.89999999997,1,153375.39999999997
2024-11-19,2024-11-19 10:15:00,2024-11-19 14:45:00,2024,NSE-BANKNIFTY,ORB,LONG,50980.0,50678.37,50678.37,51319.33,-301.63,-4564.45,0,STOP LOSS,0.4067,15,75000,147.55,0.293,0.196,367.8,301.63,339.33,754.07,0.0,neutral,True,,75000,153375.39999999997,1,148810.94999999995
2024-11-22,2024-11-22 12:30:00,2024-11-22 15:30:00,2024,NSE-BANKNIFTY,ORB,LONG,51025.7,51109.75,50730.51,51357.79,84.05,1220.75,1,SQUARE OFF,0.0492,15,75000,110.0,0.218,0.149,491.6,295.19,332.09,737.98,0.0,neutral,True,,75000,148810.94999999995,1,150031.69999999995
2024-11-27,2024-11-27 12:00:00,2024-11-27 15:30:00,2024,NSE-BANKNIFTY,ORB,LONG,52614.55,52628.0,52323.16,52942.37,13.45,161.75,1,SQUARE OFF,0.1354,15,75000,314.0,0.602,0.431,263.95,291.39,327.82,728.48,0.0,neutral,True,,75000,150031.69999999995,1,150193.44999999995
2024-11-28,2024-11-28 10:00:00,2024-11-28 10:30:00,2024,NSE-BANKNIFTY,ORB,LONG,53026.0,52758.78,52758.78,53326.63,-267.22,-4048.3,0,STOP LOSS,0.9281,15,75000,61.95,0.118,0.093,209.95,267.22,300.63,668.06,0.0,neutral,True,,75000,150193.44999999995,1,146145.14999999997
2024-11-29,2024-11-29 10:45:00,2024-11-29 14:45:00,2024,NSE-BANKNIFTY,VWAP_REV,LONG,52330.0,52366.9,51974.88,52862.68,36.9,513.5,1,SQUARE OFF,0.0814,15,75000,49.85,,,,355.12,532.68,710.24,,neutral,True,0.041,75000,146145.14999999997,1,146658.64999999997
2024-12-03,2024-12-03 10:00:00,2024-12-03 15:15:00,2024,NSE-BANKNIFTY,ORB,LONG,52724.0,52888.85,52446.04,53036.7,164.85,2432.75,1,SQUARE OFF,0.0465,15,75000,120.0,0.229,0.173,262.1,277.96,312.7,694.89,0.0,neutral,True,,75000,146658.64999999997,1,149091.39999999997
2024-12-04,2024-12-04 11:45:00,2024-12-04 13:30:00,2024,NSE-BANKNIFTY,VWAP_REV,SHORT,53087.0,53422.7,53422.7,52583.45,-335.7,-5075.5,0,STOP LOSS,0.1925,15,75000,33.55,,,,335.7,503.55,671.4,,neutral,True,0.096,75000,149091.39999999997,1,144015.89999999997
2024-12-05,2024-12-05 11:45:00,2024-12-05 12:15:00,2024,NSE-BANKNIFTY,VWAP_REV,LONG,53264.0,53746.63,52942.24,53746.63,482.63,7199.45,1,TARGET HIT,0.0078,15,75000,45.95,,,,321.76,482.63,643.51,,neutral,True,0.004,75000,144015.89999999997,1,151215.34999999998
2024-12-09,2024-12-09 15:00:00,2024-12-09 15:15:00,2024,NSE-BANKNIFTY,ORB,SHORT,53502.05,53535.85,53751.33,53221.61,-33.8,-547.0,0,SQUARE OFF,0.1107,15,75000,100.05,0.186,0.161,257.0,249.28,280.44,623.2,0.0,neutral,True,,75000,151215.34999999998,1,150668.34999999998
2024-12-13,2024-12-13 10:00:00,2024-12-13 10:30:00,2024,NSE-BANKNIFTY,ORB,SHORT,52790.5,52546.34,53007.53,52546.34,244.16,3622.4,1,TARGET HIT,0.532,15,75000,85.45,0.16,0.157,472.9,217.03,244.16,542.58,0.0,neutral,True,,75000,150668.34999999998,1,154290.74999999997
2024-12-17,2024-12-17 10:00:00,2024-12-17 11:30:00,2024,NSE-BANKNIFTY,ORB,SHORT,53335.0,53069.32,53571.16,53069.32,265.68,3945.2,1,TARGET HIT,0.6498,15,75000,176.0,0.328,0.298,207.85,236.16,265.68,590.4,0.0,neutral,True,,75000,154290.74999999997,1,158235.94999999998
2024-12-18,2024-12-18 10:00:00,2024-12-18 12:30:00,2024,NSE-BANKNIFTY,ORB,SHORT,52545.2,52266.49,52792.94,52266.49,278.71,4140.65,1,TARGET HIT,0.5748,15,75000,64.7,0.122,0.104,311.95,247.74,278.71,619.36,0.0,neutral,True,,75000,158235.94999999998,1,162376.59999999998
2024-12-20,2024-12-20 10:00:00,2024-12-20 10:45:00,2024,NSE-BANKNIFTY,ORB,SHORT,51275.0,51524.22,51524.22,50994.63,-249.22,-3778.3,0,STOP LOSS,0.6963,15,75000,142.4,0.275,0.229,316.1,249.22,280.37,623.05,0.0,neutral,True,,75000,162376.59999999998,1,158598.3
2024-12-23,2024-12-23 10:15:00,2024-12-23 13:00:00,2024,NSE-BANKNIFTY,ORB,LONG,51420.0,51153.64,51153.64,51719.66,-266.36,-4035.4,0,STOP LOSS,0.204,15,75000,169.85,0.334,0.255,379.1,266.36,299.65,665.9,0.0,neutral,True,,75000,158598.3,1,154562.9
2024-12-27,2024-12-27 11:15:00,2024-12-27 14:45:00,2024,NSE-BANKNIFTY,VWAP_REV,SHORT,51842.35,51665.0,52155.04,51373.31,177.35,2620.25,1,SQUARE OFF,0.0585,15,75000,1.95,,,,312.69,469.04,625.39,,neutral,True,0.029,75000,154562.9,1,157183.15
2024-12-30,2024-12-30 13:15:00,2024-12-30 14:00:00,2024,NSE-BANKNIFTY,ORB,SHORT,51429.85,51157.87,51671.61,51157.87,271.98,4039.7,1,TARGET HIT,0.2769,15,75000,100.0,0.193,0.165,239.25,241.76,271.98,604.39,0.0,neutral,True,,75000,157183.15,1,161222.85
