date,entry_ts,exit_ts,year,instrument,strategy,direction,entry,exit_price,stop,target,pnl_pts,pnl_rs,win,exit_reason,bias_score,lots_used,capital_used,pattern_name,pattern_stack,ema_trend,rsi14,atr14,stop_pts,target_pts,ht_bar_ts,capital_at_entry,lots_at_entry,equity_after,regime,macro_ok
2025-01-08,2025-01-08 12:15:00,2025-01-08 13:45:00,2025,NSE-BANKNIFTY,CANDLESTICK,SHORT,49717.0,49969.23,49959.23,49232.54,-252.23,-3823.45,0,STOP LOSS,0.3333,15,75000,three_black_crows,1,-1,30.53,242.23,242.23,484.46,2025-01-08 12:00:00,100000.0,1,96176.55,neutral,True
2025-01-10,2025-01-10 12:15:00,2025-01-10 15:15:00,2025,NSE-BANKNIFTY,CANDLESTICK,SHORT,49241.7,48840.0,49539.2,48646.71,401.7,5985.5,1,SQUARE OFF,0.3333,15,75000,dark_cloud,1,-1,34.86,297.5,297.5,594.99,2025-01-10 12:00:00,96176.55,1,102162.05,neutral,True
2025-01-10,2025-01-10 14:15:00,2025-01-10 15:15:00,2025,NSE-BANKNIFTY,CANDLESTICK,SHORT,48970.0,48840.0,49250.73,48408.54,130.0,1910.0,1,SQUARE OFF,0.3333,15,75000,three_black_crows,1,-1,30.68,280.73,280.73,561.46,2025-01-10 14:00:00,102162.05,1,104072.05,neutral,True
2025-01-14,2025-01-14 12:15:00,2025-01-14 14:00:00,2025,NSE-BANKNIFTY,CANDLESTICK,SHORT,48705.0,49011.05,49001.05,48112.91,-306.05,-4630.75,0,STOP LOSS,0.3333,15,75000,tweezer_top,1,-1,41.74,296.05,296.05,592.09,2025-01-14 12:00:00,104072.05,1,99441.3,neutral,True
2025-01-16,2025-01-16 14:15:00,2025-01-16 15:15:00,2025,NSE-BANKNIFTY,CANDLESTICK,SHORT,49518.2,49443.0,49782.54,48989.53,75.2,1088.0,1,SQUARE OFF,0.3333,15,75000,dark_cloud,1,-1,59.8,264.34,264.34,528.67,2025-01-16 14:00:00,99441.3,1,100529.3,neutral,True
2025-01-22,2025-01-22 11:15:00,2025-01-22 15:00:00,2025,NSE-BANKNIFTY,CANDLESTICK,SHORT,48546.65,48857.66,48847.66,47944.62,-311.01,-4705.15,0,STOP LOSS,0.3333,15,75000,bearish_engulfing,1,-1,38.53,301.01,301.01,602.03,2025-01-22 11:00:00,100529.3,1,95824.15000000001,neutral,True
2025-01-23,2025-01-23 14:15:00,2025-01-23 15:15:00,2025,NSE-BANKNIFTY,CANDLESTICK,SHORT,48722.75,48696.7,48984.12,48200.01,26.05,350.75,1,SQUARE OFF,0.3333,15,75000,tweezer_top,1,-1,46.75,261.37,261.37,522.74,2025-01-23 14:00:00,95824.15000000001,1,96174.90000000001,neutral,True
2025-01-24,2025-01-24 13:15:00,2025-01-24 15:15:00,2025,NSE-BANKNIFTY,CANDLESTICK,SHORT,48600.55,48382.05,48869.9,48061.86,218.5,3237.5,1,SQUARE OFF,0.6667,15,75000,tweezer_top|evening_star,2,-1,44.77,269.35,269.35,538.69,2025-01-24 13:00:00,96174.90000000001,1,99412.40000000001,neutral,True
2025-01-27,2025-01-27 14:15:00,2025-01-27 15:15:00,2025,NSE-BANKNIFTY,CANDLESTICK,SHORT,48106.25,48129.15,48353.2,47612.36,-22.9,-383.5,0,SQUARE OFF,0.3333,15,75000,bearish_engulfing,1,-1,36.77,246.95,246.95,493.89,2025-01-27 14:00:00,99412.40000000001,1,99028.90000000001,neutral,True
2025-01-28,2025-01-28 14:15:00,2025-01-28 15:15:00,2025,NSE-BANKNIFTY,CANDLESTICK,SHORT,49030.8,48840.8,49278.28,48535.84,190.0,2810.0,1,SQUARE OFF,0.6667,15,75000,bearish_engulfing|tweezer_top,2,-1,60.48,247.48,247.48,494.96,2025-01-28 14:00:00,99028.90000000001,1,101838.90000000001,neutral,True
2025-01-29,2025-01-29 13:15:00,2025-01-29 15:15:00,2025,NSE-BANKNIFTY,CANDLESTICK,SHORT,48950.55,49091.5,49199.98,48451.7,-140.95,-2154.25,0,SQUARE OFF,0.3333,15,75000,tweezer_top,1,-1,56.51,249.42,249.42,498.85,2025-01-29 13:00:00,101838.90000000001,1,99684.65000000001,neutral,True
2025-01-31,2025-01-31 11:15:00,2025-01-31 15:15:00,2025,NSE-BANKNIFTY,CANDLESTICK,LONG,49596.75,49834.05,49396.76,49996.72,237.3,3519.5,1,SQUARE OFF,0.3333,15,75000,piercing,1,1,62.66,199.99,199.99,399.97,2025-01-31 11:00:00,99684.65000000001,1,103204.15000000001,neutral,True
2025-01-31,2025-01-31 13:15:00,2025-01-31 14:00:00,2025,NSE-BANKNIFTY,CANDLESTICK,LONG,49926.55,49714.87,49724.87,50329.91,-211.68,-3215.2,0,STOP LOSS,0.3333,15,75000,three_white_soldiers,1,1,69.88,201.68,201.68,403.36,2025-01-31 13:00:00,103204.15000000001,1,99988.95000000001,neutral,True
2025-02-03,2025-02-03 11:15:00,2025-02-03 15:15:00,2025,NSE-BANKNIFTY,CANDLESTICK,LONG,49548.8,49514.0,49203.16,50240.08,-34.8,-562.0,0,SQUARE OFF,0.3333,15,75000,bullish_engulfing,1,1,50.08,345.64,345.64,691.28,2025-02-03 11:00:00,99988.95000000001,1,99426.95000000001,neutral,True
2025-02-03,2025-02-03 13:15:00,2025-02-03 15:15:00,2025,NSE-BANKNIFTY,CANDLESTICK,LONG,49628.45,49514.0,49286.65,50312.04,-114.45,-1756.75,0,SQUARE OFF,0.3333,15,75000,bullish_engulfing,1,1,52.44,341.8,341.8,683.59,2025-02-03 13:00:00,99426.95000000001,1,97670.20000000001,neutral,True
2025-02-05,2025-02-05 13:15:00,2025-02-05 15:15:00,2025,NSE-BANKNIFTY,CANDLESTICK,LONG,50674.4,50532.0,50448.07,51127.06,-142.4,-2176.0,0,SQUARE OFF,0.3333,15,75000,tweezer_bottom,1,1,68.02,226.33,226.33,452.66,2025-02-05 13:00:00,97670.20000000001,1,95494.20000000001,neutral,True
2025-02-07,2025-02-07 11:15:00,2025-02-07 12:00:00,2025,NSE-BANKNIFTY,CANDLESTICK,LONG,50514.3,50333.63,50343.63,50855.64,-180.67,-2750.05,0,STOP LOSS,0.3333,15,75000,hammer,1,1,59.41,170.67,170.67,341.34,2025-02-07 11:00:00,95494.20000000001,1,92744.15000000001,neutral,True
2025-02-12,2025-02-12 14:15:00,2025-02-12 15:15:00,2025,NSE-BANKNIFTY,CANDLESTICK,SHORT,49518.05,49755.0,49837.42,48879.31,-236.95,-3594.25,0,SQUARE OFF,0.3333,15,75000,bearish_engulfing,1,-1,43.47,319.37,319.37,638.74,2025-02-12 14:00:00,92744.15000000001,1,89149.90000000001,neutral,True
2025-02-13,2025-02-13 11:15:00,2025-02-13 15:15:00,2025,NSE-BANKNIFTY,CANDLESTICK,SHORT,49920.0,49590.0,50234.03,49291.94,330.0,4910.0,1,SQUARE OFF,0.3333,15,75000,tweezer_top,1,-1,51.85,314.03,314.03,628.06,2025-02-13 11:00:00,89149.90000000001,1,94059.90000000001,neutral,True
2025-02-14,2025-02-14 12:15:00,2025-02-14 14:30:00,2025,NSE-BANKNIFTY,CANDLESTICK,SHORT,49051.85,49338.86,49328.86,48497.83,-287.01,-4345.15,0,STOP LOSS,0.3333,15,75000,three_black_crows,1,-1,33.96,277.01,277.01,554.02,2025-02-14 12:00:00,94059.90000000001,1,89714.75000000001,neutral,True
2025-02-17,2025-02-17 10:15:00,2025-02-17 10:30:00,2025,NSE-BANKNIFTY,CANDLESTICK,SHORT,48765.0,49056.58,49046.58,48201.84,-291.58,-4413.7,0,STOP LOSS,0.3333,15,75000,evening_star,1,-1,33.81,281.58,281.58,563.16,2025-02-17 10:00:00,89714.75000000001,1,85301.05000000002,neutral,True
2025-02-17,2025-02-17 11:15:00,2025-02-17 13:30:00,2025,NSE-BANKNIFTY,CANDLESTICK,SHORT,48915.7,49229.07,49219.07,48308.95,-313.38,-4740.7,0,STOP LOSS,0.3333,15,75000,shooting_star,1,-1,37.73,303.37,303.37,606.75,2025-02-17 11:00:00,85301.05000000002,1,80560.35000000002,neutral,True
2025-02-17,2025-02-17 12:15:00,2025-02-17 13:30:00,2025,NSE-BANKNIFTY,CANDLESTICK,SHORT,48960.7,49278.19,49268.19,48345.71,-317.49,-4802.35,0,STOP LOSS,0.3333,15,75000,shooting_star,1,-1,39.34,307.49,307.49,614.99,2025-02-17 12:00:00,80560.35000000002,1,75758.00000000001,neutral,True
2025-02-18,2025-02-18 10:15:00,2025-02-18 15:15:00,2025,NSE-BANKNIFTY,CANDLESTICK,SHORT,49076.0,49204.1,49411.17,48405.66,-128.1,-1961.5,0,SQUARE OFF,0.3333,15,75000,evening_star,1,-1,43.64,335.17,335.17,670.34,2025-02-18 10:00:00,75758.00000000001,1,73796.50000000001,neutral,True
2025-02-18,2025-02-18 13:15:00,2025-02-18 15:15:00,2025,NSE-BANKNIFTY,CANDLESTICK,SHORT,49116.9,49204.1,49423.44,48503.82,-87.2,-1348.0,0,SQUARE OFF,0.3333,15,75000,tweezer_top,1,-1,45.2,306.54,306.54,613.08,2025-02-18 13:00:00,73796.50000000001,1,72448.50000000001,neutral,True
2025-02-20,2025-02-20 12:15:00,2025-02-20 15:15:00,2025,NSE-BANKNIFTY,CANDLESTICK,SHORT,49375.4,49482.75,49581.39,48963.43,-107.35,-1650.25,0,SQUARE OFF,0.6667,15,75000,bearish_engulfing|tweezer_top,2,-1,49.04,205.99,205.99,411.97,2025-02-20 12:00:00,72448.50000000001,1,70798.25000000001,neutral,True
2025-02-25,2025-02-25 14:15:00,2025-02-25 15:15:00,2025,NSE-BANKNIFTY,CANDLESTICK,SHORT,48724.0,48750.0,48919.84,48332.33,-26.0,-430.0,0,SQUARE OFF,0.3333,15,75000,tweezer_top,1,-1,41.08,195.84,195.84,391.67,2025-02-25 14:00:00,70798.25000000001,1,70368.25000000001,neutral,True
2025-02-28,2025-02-28 10:15:00,2025-02-28 12:45:00,2025,NSE-BANKNIFTY,CANDLESTICK,SHORT,48711.0,48404.85,48869.07,48394.85,306.15,4552.25,1,TARGET HIT,0.3333,15,75000,three_black_crows,1,-1,40.02,158.07,158.07,316.15,2025-02-28 10:00:00,70368.25000000001,1,74920.50000000001,neutral,True
2025-02-28,2025-02-28 12:15:00,2025-02-28 13:00:00,2025,NSE-BANKNIFTY,CANDLESTICK,SHORT,48653.8,48334.9,48818.25,48324.9,318.9,4743.5,1,TARGET HIT,0.3333,15,75000,bearish_engulfing,1,-1,38.2,164.45,164.45,328.9,2025-02-28 12:00:00,74920.50000000001,1,79664.00000000001,neutral,True
2025-03-03,2025-03-03 14:15:00,2025-03-03 15:15:00,2025,NSE-BANKNIFTY,CANDLESTICK,SHORT,48372.0,48410.0,48641.98,47832.04,-38.0,-610.0,0,SQUARE OFF,0.3333,15,75000,dark_cloud,1,-1,40.68,269.98,269.98,539.96,2025-03-03 14:00:00,79664.00000000001,1,79054.00000000001,neutral,True
2025-03-05,2025-03-05 13:15:00,2025-03-05 15:15:00,2025,NSE-BANKNIFTY,CANDLESTICK,SHORT,48689.9,48724.2,48892.77,48284.16,-34.3,-554.5,0,SQUARE OFF,0.6667,15,75000,dark_cloud|tweezer_top,2,-1,53.15,202.87,202.87,405.74,2025-03-05 13:00:00,79054.00000000001,1,78499.50000000001,neutral,True
2025-03-06,2025-03-06 10:15:00,2025-03-06 15:15:00,2025,NSE-BANKNIFTY,CANDLESTICK,SHORT,48713.05,48805.0,48914.47,48310.21,-91.95,-1419.25,0,SQUARE OFF,0.3333,15,75000,dark_cloud,1,-1,54.05,201.42,201.42,402.84,2025-03-06 10:00:00,78499.50000000001,1,77080.25000000001,neutral,True
2025-03-06,2025-03-06 12:15:00,2025-03-06 15:15:00,2025,NSE-BANKNIFTY,CANDLESTICK,SHORT,48720.0,48805.0,48922.4,48315.2,-85.0,-1315.0,0,SQUARE OFF,0.3333,15,75000,dark_cloud,1,-1,53.78,202.4,202.4,404.8,2025-03-06 12:00:00,77080.25000000001,1,75765.25000000001,neutral,True
2025-03-07,2025-03-07 12:15:00,2025-03-07 15:15:00,2025,NSE-BANKNIFTY,CANDLESTICK,SHORT,48642.4,48709.8,48816.49,48294.23,-67.4,-1051.0,0,SQUARE OFF,0.3333,15,75000,tweezer_top,1,-1,47.71,174.09,174.09,348.17,2025-03-07 12:00:00,75765.25000000001,1,74714.25000000001,neutral,True
2025-03-10,2025-03-10 14:15:00,2025-03-10 14:30:00,2025,NSE-BANKNIFTY,CANDLESTICK,SHORT,48595.55,48302.15,48747.25,48292.15,293.4,4361.0,1,TARGET HIT,0.3333,15,75000,tweezer_top,1,-1,47.49,151.7,151.7,303.4,2025-03-10 14:00:00,74714.25000000001,1,79075.25000000001,neutral,True
2025-03-12,2025-03-12 12:15:00,2025-03-12 14:30:00,2025,NSE-BANKNIFTY,CANDLESTICK,SHORT,48054.4,48274.43,48264.43,47634.34,-220.03,-3340.45,0,STOP LOSS,0.3333,15,75000,evening_star,1,-1,39.8,210.03,210.03,420.06,2025-03-12 12:00:00,79075.25000000001,1,75734.80000000002,neutral,True
2025-03-17,2025-03-17 13:15:00,2025-03-17 15:15:00,2025,NSE-BANKNIFTY,CANDLESTICK,SHORT,48464.3,48485.65,48608.53,48175.84,-21.35,-360.25,0,SQUARE OFF,0.3333,15,75000,bearish_engulfing,1,-1,56.6,144.23,144.23,288.46,2025-03-17 13:00:00,75734.80000000002,1,75374.55000000002,neutral,True
2025-04-02,2025-04-02 10:15:00,2025-04-02 15:15:00,2025,NSE-BANKNIFTY,CANDLESTICK,LONG,51386.85,51570.15,51164.35,51831.86,183.3,2709.5,1,SQUARE OFF,0.3333,15,75000,tweezer_bottom,1,1,46.14,222.5,222.5,445.01,2025-04-02 10:00:00,75374.55000000002,1,78084.05000000002,neutral,True
2025-04-03,2025-04-03 10:15:00,2025-04-03 15:15:00,2025,NSE-BANKNIFTY,CANDLESTICK,LONG,51676.0,51791.1,51461.26,52105.48,115.1,1686.5,1,SQUARE OFF,0.3333,15,75000,three_white_soldiers,1,1,58.06,214.74,214.74,429.48,2025-04-03 10:00:00,78084.05000000002,1,79770.55000000002,neutral,True
2025-04-03,2025-04-03 11:15:00,2025-04-03 15:15:00,2025,NSE-BANKNIFTY,CANDLESTICK,LONG,51755.1,51791.1,51571.05,52123.2,36.0,500.0,1,SQUARE OFF,0.3333,15,75000,three_white_soldiers,1,1,61.03,184.05,184.05,368.1,2025-04-03 11:00:00,79770.55000000002,1,80270.55000000002,neutral,True
2025-04-04,2025-04-04 11:15:00,2025-04-04 13:30:00,2025,NSE-BANKNIFTY,CANDLESTICK,LONG,51843.05,51654.06,51664.06,52201.03,-188.99,-2874.85,0,STOP LOSS,0.3333,15,75000,bullish_engulfing,1,1,60.84,178.99,178.99,357.98,2025-04-04 11:00:00,80270.55000000002,1,77395.70000000001,neutral,True
2025-04-08,2025-04-08 14:15:00,2025-04-08 15:15:00,2025,NSE-BANKNIFTY,CANDLESTICK,SHORT,50749.0,50746.1,51238.88,49769.24,2.9,3.5,1,SQUARE OFF,0.3333,15,75000,tweezer_top,1,-1,47.47,489.88,489.88,979.76,2025-04-08 14:00:00,77395.70000000001,1,77399.20000000001,neutral,True
2025-04-09,2025-04-09 14:15:00,2025-04-09 15:15:00,2025,NSE-BANKNIFTY,CANDLESTICK,SHORT,50423.1,50486.25,50772.09,49725.13,-63.15,-987.25,0,SQUARE OFF,0.3333,15,75000,tweezer_top,1,-1,44.38,348.99,348.99,697.97,2025-04-09 14:00:00,77399.20000000001,1,76411.95000000001,neutral,True
2025-04-11,2025-04-11 13:15:00,2025-04-11 15:15:00,2025,NSE-BANKNIFTY,CANDLESTICK,SHORT,51325.0,51185.15,51597.34,50780.31,139.85,2057.75,1,SQUARE OFF,0.3333,15,75000,tweezer_top,1,-1,61.75,272.34,272.34,544.69,2025-04-11 13:00:00,76411.95000000001,1,78469.70000000001,neutral,True
2025-04-11,2025-04-11 14:15:00,2025-04-11 15:15:00,2025,NSE-BANKNIFTY,CANDLESTICK,SHORT,51113.5,51185.15,51377.36,50585.77,-71.65,-1114.75,0,SQUARE OFF,0.3333,15,75000,evening_star,1,-1,56.59,263.86,263.86,527.73,2025-04-11 14:00:00,78469.70000000001,1,77354.95000000001,neutral,True
2025-04-25,2025-04-25 12:15:00,2025-04-25 13:45:00,2025,NSE-BANKNIFTY,CANDLESTICK,LONG,54615.0,55019.97,54407.51,55029.97,404.97,6034.55,1,TARGET HIT,0.3333,15,75000,hammer,1,1,35.85,207.49,207.49,414.97,2025-04-25 12:00:00,77354.95000000001,1,83389.50000000001,neutral,True
2025-04-25,2025-04-25 13:15:00,2025-04-25 15:15:00,2025,NSE-BANKNIFTY,CANDLESTICK,LONG,54793.0,54788.6,54581.44,55216.11,-4.4,-106.0,0,SQUARE OFF,0.3333,15,75000,morning_star,1,1,42.67,211.56,211.56,423.11,2025-04-25 13:00:00,83389.50000000001,1,83283.50000000001,neutral,True
2025-04-28,2025-04-28 12:15:00,2025-04-28 15:15:00,2025,NSE-BANKNIFTY,CANDLESTICK,LONG,55592.0,55643.6,55288.01,56199.97,51.6,734.0,1,SQUARE OFF,0.3333,15,75000,bullish_engulfing,1,1,61.43,303.99,303.99,607.97,2025-04-28 12:00:00,83283.50000000001,1,84017.50000000001,neutral,True
2025-04-29,2025-04-29 13:15:00,2025-04-29 15:15:00,2025,NSE-BANKNIFTY,CANDLESTICK,LONG,55641.0,55523.0,55355.64,56211.71,-118.0,-1810.0,0,SQUARE OFF,0.6667,15,75000,piercing|tweezer_bottom,2,1,58.54,285.36,285.36,570.71,2025-04-29 13:00:00,84017.50000000001,1,82207.50000000001,neutral,True
2025-04-30,2025-04-30 13:15:00,2025-04-30 15:15:00,2025,NSE-BANKNIFTY,CANDLESTICK,LONG,55395.4,55313.0,55185.36,55815.49,-82.4,-1276.0,0,SQUARE OFF,0.3333,15,75000,tweezer_bottom,1,1,50.85,210.04,210.04,420.09,2025-04-30 13:00:00,82207.50000000001,1,80931.50000000001,neutral,True
2025-05-02,2025-05-02 14:15:00,2025-05-02 15:15:00,2025,NSE-BANKNIFTY,CANDLESTICK,LONG,55343.0,55252.2,55089.84,55849.31,-90.8,-1402.0,0,SQUARE OFF,0.3333,15,75000,bullish_engulfing,1,1,49.08,253.16,253.16,506.31,2025-05-02 14:00:00,80931.50000000001,1,79529.50000000001,neutral,True
2025-05-05,2025-05-05 14:15:00,2025-05-05 15:15:00,2025,NSE-BANKNIFTY,CANDLESTICK,LONG,55146.0,55053.4,54874.99,55688.03,-92.6,-1429.0,0,SQUARE OFF,0.3333,15,75000,morning_star,1,1,45.36,271.01,271.01,542.03,2025-05-05 14:00:00,79529.50000000001,1,78100.50000000001,neutral,True
2025-05-08,2025-05-08 14:15:00,2025-05-08 15:15:00,2025,NSE-BANKNIFTY,CANDLESTICK,SHORT,54508.4,54426.4,54740.83,54043.54,82.0,1190.0,1,SQUARE OFF,0.3333,15,75000,bearish_engulfing,1,-1,39.84,232.43,232.43,464.86,2025-05-08 14:00:00,78100.50000000001,1,79290.50000000001,neutral,True
2025-05-15,2025-05-15 12:15:00,2025-05-15 13:45:00,2025,NSE-BANKNIFTY,CANDLESTICK,LONG,54896.8,55339.09,54670.66,55349.09,442.29,6594.35,1,TARGET HIT,0.3333,15,75000,morning_star,1,1,49.22,226.14,226.14,452.29,2025-05-15 12:00:00,79290.50000000001,1,85884.85000000002,neutral,True
2025-05-15,2025-05-15 14:15:00,2025-05-15 15:15:00,2025,NSE-BANKNIFTY,CANDLESTICK,LONG,55470.0,55402.4,55216.33,55977.34,-67.6,-1054.0,0,SQUARE OFF,0.3333,15,75000,three_white_soldiers,1,1,62.97,253.67,253.67,507.34,2025-05-15 14:00:00,85884.85000000002,1,84830.85000000002,neutral,True
2025-05-16,2025-05-16 13:15:00,2025-05-16 15:15:00,2025,NSE-BANKNIFTY,CANDLESTICK,LONG,55474.0,55491.0,55248.79,55924.43,17.0,215.0,1,SQUARE OFF,0.6667,15,75000,bullish_engulfing|tweezer_bottom,2,1,61.59,225.21,225.21,450.43,2025-05-16 13:00:00,84830.85000000002,1,85045.85000000002,neutral,True
2025-05-20,2025-05-20 11:15:00,2025-05-20 12:45:00,2025,NSE-BANKNIFTY,CANDLESTICK,LONG,55370.0,55197.03,55207.03,55695.94,-172.97,-2634.55,0,STOP LOSS,0.3333,15,75000,tweezer_bottom,1,1,50.36,162.97,162.97,325.94,2025-05-20 11:00:00,85045.85000000002,1,82411.30000000002,neutral,True
2025-05-23,2025-05-23 13:15:00,2025-05-23 15:15:00,2025,NSE-BANKNIFTY,CANDLESTICK,LONG,55475.8,55479.0,55274.8,55877.8,3.2,8.0,1,SQUARE OFF,0.3333,15,75000,bullish_engulfing,1,1,60.97,201.0,201.0,402.0,2025-05-23 13:00:00,82411.30000000002,1,82419.30000000002,neutral,True
2025-05-27,2025-05-27 11:15:00,2025-05-27 11:30:00,2025,NSE-BANKNIFTY,CANDLESTICK,LONG,55439.0,55902.26,55202.37,55912.26,463.26,6908.9,1,TARGET HIT,0.6667,15,75000,piercing|tweezer_bottom,2,1,51.25,236.63,236.63,473.26,2025-05-27 11:00:00,82419.30000000002,1,89328.20000000001,neutral,True
2025-05-28,2025-05-28 11:15:00,2025-05-28 15:15:00,2025,NSE-BANKNIFTY,CANDLESTICK,LONG,55445.0,55419.2,55186.81,55961.37,-25.8,-427.0,0,SQUARE OFF,0.3333,15,75000,tweezer_bottom,1,1,50.48,258.19,258.19,516.37,2025-05-28 11:00:00,89328.20000000001,1,88901.20000000001,neutral,True
2025-05-28,2025-05-28 13:15:00,2025-05-28 15:15:00,2025,NSE-BANKNIFTY,CANDLESTICK,LONG,55476.8,55419.2,55219.73,55990.94,-57.6,-904.0,0,SQUARE OFF,0.3333,15,75000,tweezer_bottom,1,1,51.06,257.07,257.07,514.14,2025-05-28 13:00:00,88901.20000000001,1,87997.20000000001,neutral,True
2025-05-30,2025-05-30 13:15:00,2025-05-30 15:15:00,2025,NSE-BANKNIFTY,CANDLESTICK,LONG,55911.2,56050.8,55733.23,56267.14,139.6,2054.0,1,SQUARE OFF,0.6667,15,75000,bullish_engulfing|morning_star,2,1,60.08,177.97,177.97,355.94,2025-05-30 13:00:00,87997.20000000001,1,90051.20000000001,neutral,True
2025-06-02,2025-06-02 12:15:00,2025-06-02 15:15:00,2025,NSE-BANKNIFTY,CANDLESTICK,LONG,56025.0,56170.0,55849.76,56375.49,145.0,2135.0,1,SQUARE OFF,0.3333,15,75000,morning_star,1,1,60.21,175.24,175.24,350.49,2025-06-02 12:00:00,90051.20000000001,1,92186.20000000001,neutral,True
2025-06-03,2025-06-03 14:15:00,2025-06-03 15:15:00,2025,NSE-BANKNIFTY,CANDLESTICK,LONG,56016.0,55942.0,55836.06,56375.89,-74.0,-1150.0,0,SQUARE OFF,0.6667,15,75000,piercing|tweezer_bottom,2,1,54.44,179.94,179.94,359.89,2025-06-03 14:00:00,92186.20000000001,1,91036.20000000001,neutral,True
2025-06-04,2025-06-04 11:15:00,2025-06-04 15:15:00,2025,NSE-BANKNIFTY,CANDLESTICK,LONG,55930.2,55963.0,55749.33,56291.94,32.8,452.0,1,SQUARE OFF,0.3333,15,75000,piercing,1,1,51.01,180.87,180.87,361.74,2025-06-04 11:00:00,91036.20000000001,1,91488.20000000001,neutral,True
2025-06-05,2025-06-05 12:15:00,2025-06-05 13:00:00,2025,NSE-BANKNIFTY,CANDLESTICK,LONG,56197.4,56033.23,56043.23,56505.74,-164.17,-2502.55,0,STOP LOSS,0.3333,15,75000,morning_star,1,1,63.18,154.17,154.17,308.34,2025-06-05 12:00:00,91488.20000000001,1,88985.65000000001,neutral,True
2025-06-11,2025-06-11 11:15:00,2025-06-11 13:15:00,2025,NSE-BANKNIFTY,CANDLESTICK,LONG,56893.6,56757.93,56767.93,57144.94,-135.67,-2075.05,0,STOP LOSS,0.3333,15,75000,morning_star,1,1,60.22,125.67,125.67,251.34,2025-06-11 11:00:00,88985.65000000001,1,86910.6,neutral,True
2025-06-17,2025-06-17 10:15:00,2025-06-17 15:15:00,2025,NSE-BANKNIFTY,CANDLESTICK,SHORT,55940.0,55818.0,56118.87,55582.26,122.0,1790.0,1,SQUARE OFF,0.3333,15,75000,tweezer_top,1,-1,44.53,178.87,178.87,357.74,2025-06-17 10:00:00,86910.6,1,88700.6,neutral,True
2025-06-19,2025-06-19 11:15:00,2025-06-19 15:15:00,2025,NSE-BANKNIFTY,CANDLESTICK,SHORT,55768.0,55683.8,55913.9,55476.2,84.2,1223.0,1,SQUARE OFF,0.3333,15,75000,bearish_engulfing,1,-1,41.38,145.9,145.9,291.8,2025-06-19 11:00:00,88700.6,1,89923.6,neutral,True
2025-06-23,2025-06-23 12:15:00,2025-06-23 13:15:00,2025,NSE-BANKNIFTY,CANDLESTICK,SHORT,55922.0,56105.46,56095.46,55575.09,-183.46,-2791.9,0,STOP LOSS,0.3333,15,75000,tweezer_top,1,-1,47.46,173.46,173.46,346.91,2025-06-23 12:00:00,89923.6,1,87131.70000000001,neutral,True
2025-06-24,2025-06-24 10:15:00,2025-06-24 13:30:00,2025,NSE-BANKNIFTY,CANDLESTICK,LONG,56628.8,56409.87,56419.87,57046.66,-218.93,-3323.95,0,STOP LOSS,0.3333,15,75000,morning_star,1,1,67.9,208.93,208.93,417.86,2025-06-24 10:00:00,87131.70000000001,1,83807.75000000001,neutral,True
2025-06-25,2025-06-25 13:15:00,2025-06-25 15:15:00,2025,NSE-BANKNIFTY,CANDLESTICK,LONG,56628.0,56604.6,56419.17,57045.66,-23.4,-391.0,0,SQUARE OFF,0.3333,15,75000,tweezer_bottom,1,1,60.73,208.83,208.83,417.66,2025-06-25 13:00:00,83807.75000000001,1,83416.75000000001,neutral,True
2025-07-01,2025-07-01 12:15:00,2025-07-01 15:15:00,2025,NSE-BANKNIFTY,CANDLESTICK,LONG,57555.0,57675.0,57419.29,57826.43,120.0,1760.0,1,SQUARE OFF,0.3333,15,75000,morning_star,1,1,61.25,135.71,135.71,271.43,2025-07-01 12:00:00,83416.75000000001,1,85176.75000000001,neutral,True
2025-07-01,2025-07-01 14:15:00,2025-07-01 15:15:00,2025,NSE-BANKNIFTY,CANDLESTICK,LONG,57758.0,57675.0,57614.17,58045.66,-83.0,-1285.0,0,SQUARE OFF,0.3333,15,75000,three_white_soldiers,1,1,67.91,143.83,143.83,287.66,2025-07-01 14:00:00,85176.75000000001,1,83891.75000000001,neutral,True
2025-07-04,2025-07-04 11:15:00,2025-07-04 11:30:00,2025,NSE-BANKNIFTY,CANDLESTICK,LONG,57142.4,56985.89,56995.89,57435.43,-156.51,-2387.65,0,STOP LOSS,0.3333,15,75000,bullish_engulfing,1,1,41.18,146.51,146.51,293.03,2025-07-04 11:00:00,83891.75000000001,1,81504.10000000002,neutral,True
2025-07-04,2025-07-04 13:15:00,2025-07-04 15:15:00,2025,NSE-BANKNIFTY,CANDLESTICK,LONG,57037.0,57278.0,56881.04,57348.91,241.0,3575.0,1,SQUARE OFF,0.3333,15,75000,tweezer_bottom,1,1,38.79,155.96,155.96,311.91,2025-07-04 13:00:00,81504.10000000002,1,85079.10000000002,neutral,True
2025-07-09,2025-07-09 10:15:00,2025-07-09 15:15:00,2025,NSE-BANKNIFTY,CANDLESTICK,LONG,57406.6,57388.0,57262.37,57695.06,-18.6,-319.0,0,SQUARE OFF,0.3333,15,75000,hammer,1,1,55.65,144.23,144.23,288.46,2025-07-09 10:00:00,85079.10000000002,1,84760.10000000002,neutral,True
2025-07-09,2025-07-09 13:15:00,2025-07-09 14:45:00,2025,NSE-BANKNIFTY,CANDLESTICK,LONG,57475.0,57341.64,57351.64,57721.71,-133.36,-2040.4,0,STOP LOSS,0.3333,15,75000,bullish_engulfing,1,1,58.81,123.36,123.36,246.71,2025-07-09 13:00:00,84760.10000000002,1,82719.70000000003,neutral,True
2025-07-10,2025-07-10 13:15:00,2025-07-10 15:15:00,2025,NSE-BANKNIFTY,CANDLESTICK,LONG,57238.6,57166.8,57119.67,57476.46,-71.8,-1117.0,0,SQUARE OFF,0.3333,15,75000,tweezer_bottom,1,1,42.34,118.93,118.93,237.86,2025-07-10 13:00:00,82719.70000000003,1,81602.70000000003,neutral,True
2025-07-11,2025-07-11 13:15:00,2025-07-11 15:15:00,2025,NSE-BANKNIFTY,CANDLESTICK,SHORT,56913.6,56945.0,57052.26,56636.29,-31.4,-511.0,0,SQUARE OFF,0.3333,15,75000,shooting_star,1,-1,30.34,138.66,138.66,277.31,2025-07-11 13:00:00,81602.70000000003,1,81091.70000000003,neutral,True
2025-07-14,2025-07-14 11:15:00,2025-07-14 15:00:00,2025,NSE-BANKNIFTY,CANDLESTICK,SHORT,56857.2,57021.94,57011.94,56547.71,-164.74,-2511.1,0,STOP LOSS,0.6667,15,75000,bearish_engulfing|tweezer_top,2,-1,35.1,154.74,154.74,309.49,2025-07-14 11:00:00,81091.70000000003,1,78580.60000000002,neutral,True
2025-07-16,2025-07-16 10:15:00,2025-07-16 12:30:00,2025,NSE-BANKNIFTY,CANDLESTICK,SHORT,57130.4,57272.61,57262.61,56865.97,-142.21,-2173.15,0,STOP LOSS,0.3333,15,75000,evening_star,1,-1,50.71,132.21,132.21,264.43,2025-07-16 10:00:00,78580.60000000002,1,76407.45000000003,neutral,True
2025-07-21,2025-07-21 14:15:00,2025-07-21 15:15:00,2025,NSE-BANKNIFTY,CANDLESTICK,SHORT,56870.4,56987.6,57054.3,56502.6,-117.2,-1798.0,0,SQUARE OFF,0.6667,15,75000,dark_cloud|tweezer_top,2,-1,51.32,183.9,183.9,367.8,2025-07-21 14:00:00,76407.45000000003,1,74609.45000000003,neutral,True
2025-07-24,2025-07-24 11:15:00,2025-07-24 12:00:00,2025,NSE-BANKNIFTY,CANDLESTICK,LONG,57080.0,56942.66,56952.66,57334.69,-137.34,-2100.1,0,STOP LOSS,0.3333,15,75000,tweezer_bottom,1,1,54.57,127.34,127.34,254.69,2025-07-24 11:00:00,74609.45000000003,1,72509.35000000002,neutral,True
2025-07-24,2025-07-24 13:15:00,2025-07-24 15:15:00,2025,NSE-BANKNIFTY,CANDLESTICK,LONG,57001.4,57115.0,56864.93,57274.34,113.6,1664.0,1,SQUARE OFF,0.3333,15,75000,tweezer_bottom,1,1,50.45,136.47,136.47,272.94,2025-07-24 13:00:00,72509.35000000002,1,74173.35000000002,neutral,True
2025-07-24,2025-07-24 14:15:00,2025-07-24 15:15:00,2025,NSE-BANKNIFTY,CANDLESTICK,LONG,57163.8,57115.0,57021.03,57449.34,-48.8,-772.0,0,SQUARE OFF,0.3333,15,75000,morning_star,1,1,57.7,142.77,142.77,285.54,2025-07-24 14:00:00,74173.35000000002,1,73401.35000000002,neutral,True
2025-07-25,2025-07-25 12:15:00,2025-07-25 15:15:00,2025,NSE-BANKNIFTY,CANDLESTICK,SHORT,56608.2,56629.4,56769.54,56285.51,-21.2,-358.0,0,SQUARE OFF,0.3333,15,75000,three_black_crows,1,-1,35.46,161.34,161.34,322.69,2025-07-25 12:00:00,73401.35000000002,1,73043.35000000002,neutral,True
2025-07-30,2025-07-30 12:15:00,2025-07-30 15:15:00,2025,NSE-BANKNIFTY,CANDLESTICK,SHORT,56252.6,56236.0,56415.97,55925.86,16.6,209.0,1,SQUARE OFF,0.3333,15,75000,shooting_star,1,-1,41.78,163.37,163.37,326.74,2025-07-30 12:00:00,73043.35000000002,1,73252.35000000002,neutral,True
2025-08-01,2025-08-01 14:15:00,2025-08-01 15:15:00,2025,NSE-BANKNIFTY,CANDLESTICK,SHORT,55942.6,55780.0,56134.36,55559.09,162.6,2399.0,1,SQUARE OFF,0.3333,15,75000,tweezer_top,1,-1,38.43,191.76,191.76,383.51,2025-08-01 14:00:00,73252.35000000002,1,75651.35000000002,neutral,True
2025-08-04,2025-08-04 10:15:00,2025-08-04 12:30:00,2025,NSE-BANKNIFTY,CANDLESTICK,SHORT,55710.8,55918.3,55908.3,55315.8,-207.5,-3152.5,0,STOP LOSS,0.3333,15,75000,bearish_engulfing,1,-1,32.16,197.5,197.5,395.0,2025-08-04 10:00:00,75651.35000000002,1,72498.85000000002,neutral,True
2025-08-05,2025-08-05 10:15:00,2025-08-05 15:15:00,2025,NSE-BANKNIFTY,CANDLESTICK,SHORT,55666.4,55573.4,55828.37,55342.46,93.0,1355.0,1,SQUARE OFF,0.3333,15,75000,tweezer_top,1,-1,34.38,161.97,161.97,323.94,2025-08-05 10:00:00,72498.85000000002,1,73853.85000000002,neutral,True
2025-08-05,2025-08-05 13:15:00,2025-08-05 15:15:00,2025,NSE-BANKNIFTY,CANDLESTICK,SHORT,55574.4,55573.4,55731.14,55260.91,1.0,-25.0,0,SQUARE OFF,0.3333,15,75000,tweezer_top,1,-1,33.11,156.74,156.74,313.49,2025-08-05 13:00:00,73853.85000000002,1,73828.85000000002,neutral,True
2025-08-07,2025-08-07 13:15:00,2025-08-07 14:15:00,2025,NSE-BANKNIFTY,CANDLESTICK,SHORT,55293.8,55455.3,55445.3,54990.8,-161.5,-2462.5,0,STOP LOSS,0.6667,15,75000,dark_cloud|tweezer_top,2,-1,33.81,151.5,151.5,303.0,2025-08-07 13:00:00,73828.85000000002,1,71366.35000000002,neutral,True
2025-08-08,2025-08-08 10:15:00,2025-08-08 15:15:00,2025,NSE-BANKNIFTY,CANDLESTICK,SHORT,55431.4,55169.6,55616.57,55061.06,261.8,3887.0,1,SQUARE OFF,0.3333,15,75000,evening_star,1,-1,44.28,185.17,185.17,370.34,2025-08-08 10:00:00,71366.35000000002,1,75253.35000000002,neutral,True
2025-08-11,2025-08-11 12:15:00,2025-08-11 14:00:00,2025,NSE-BANKNIFTY,CANDLESTICK,SHORT,55310.4,55526.44,55516.44,54898.31,-216.04,-3280.6,0,STOP LOSS,0.6667,15,75000,bearish_engulfing|tweezer_top,2,-1,44.71,206.04,206.04,412.09,2025-08-11 12:00:00,75253.35000000002,1,71972.75000000001,neutral,True
2025-08-12,2025-08-12 11:15:00,2025-08-12 12:30:00,2025,NSE-BANKNIFTY,CANDLESTICK,SHORT,55371.2,55561.54,55551.54,55010.51,-190.34,-2895.1,0,STOP LOSS,0.3333,15,75000,bearish_engulfing,1,-1,46.47,180.34,180.34,360.69,2025-08-12 11:00:00,71972.75000000001,1,69077.65000000001,neutral,True
2025-08-13,2025-08-13 12:15:00,2025-08-13 14:00:00,2025,NSE-BANKNIFTY,CANDLESTICK,SHORT,55333.8,55495.9,55485.9,55029.6,-162.1,-2471.5,0,STOP LOSS,0.3333,15,75000,tweezer_top,1,-1,46.36,152.1,152.1,304.2,2025-08-13 12:00:00,69077.65000000001,1,66606.15000000001,neutral,True
2025-08-21,2025-08-21 10:15:00,2025-08-21 12:15:00,2025,NSE-BANKNIFTY,CANDLESTICK,LONG,56059.8,55931.89,55941.89,56295.63,-127.91,-1958.65,0,STOP LOSS,0.3333,15,75000,morning_star,1,1,62.36,117.91,117.91,235.83,2025-08-21 10:00:00,66606.15000000001,1,64647.50000000001,neutral,True
2025-08-21,2025-08-21 14:15:00,2025-08-21 15:15:00,2025,NSE-BANKNIFTY,CANDLESTICK,LONG,55998.0,55888.8,55884.97,56224.06,-109.2,-1678.0,0,SQUARE OFF,0.3333,15,75000,hammer,1,1,58.11,113.03,113.03,226.06,2025-08-21 14:00:00,64647.50000000001,1,62969.50000000001,neutral,True
2025-08-25,2025-08-25 14:15:00,2025-08-25 15:15:00,2025,NSE-BANKNIFTY,CANDLESTICK,SHORT,55294.2,55266.4,55423.57,55035.46,27.8,377.0,1,SQUARE OFF,0.6667,15,75000,bearish_engulfing|tweezer_top,2,-1,35.66,129.37,129.37,258.74,2025-08-25 14:00:00,62969.50000000001,1,63346.50000000001,neutral,True
2025-09-03,2025-09-03 11:15:00,2025-09-03 14:00:00,2025,NSE-BANKNIFTY,CANDLESTICK,SHORT,54051.0,54209.79,54199.79,53753.43,-158.79,-2421.85,0,STOP LOSS,0.6667,15,75000,dark_cloud|tweezer_top,2,-1,38.04,148.79,148.79,297.57,2025-09-03 11:00:00,63346.50000000001,1,60924.65000000001,neutral,True
2025-09-04,2025-09-04 14:15:00,2025-09-04 15:15:00,2025,NSE-BANKNIFTY,CANDLESTICK,SHORT,54357.0,54279.2,54517.81,54035.37,77.8,1127.0,1,SQUARE OFF,0.3333,15,75000,tweezer_top,1,-1,51.56,160.81,160.81,321.63,2025-09-04 14:00:00,60924.65000000001,1,62051.65000000001,neutral,True
2025-09-05,2025-09-05 10:15:00,2025-09-05 13:45:00,2025,NSE-BANKNIFTY,CANDLESTICK,SHORT,54140.0,54317.33,54307.33,53805.34,-177.33,-2699.95,0,STOP LOSS,0.3333,15,75000,bearish_engulfing,1,-1,42.36,167.33,167.33,334.66,2025-09-05 10:00:00,62051.65000000001,1,59351.70000000001,neutral,True
2025-09-05,2025-09-05 12:15:00,2025-09-05 13:30:00,2025,NSE-BANKNIFTY,CANDLESTICK,SHORT,54066.0,54244.8,54234.8,53728.4,-178.8,-2722.0,0,STOP LOSS,0.6667,15,75000,bearish_engulfing|tweezer_top,2,-1,39.57,168.8,168.8,337.6,2025-09-05 12:00:00,59351.70000000001,1,56629.70000000001,neutral,True
2025-09-08,2025-09-08 14:15:00,2025-09-08 14:30:00,2025,NSE-BANKNIFTY,CANDLESTICK,SHORT,54553.0,54720.3,54710.3,54238.4,-167.3,-2549.5,0,STOP LOSS,0.6667,15,75000,bearish_engulfing|tweezer_top,2,-1,60.1,157.3,157.3,314.6,2025-09-08 14:00:00,56629.70000000001,1,54080.20000000001,neutral,True
2025-09-09,2025-09-09 12:15:00,2025-09-09 15:15:00,2025,NSE-BANKNIFTY,CANDLESTICK,SHORT,54380.0,54470.2,54530.94,54078.11,-90.2,-1393.0,0,SQUARE OFF,0.3333,15,75000,tweezer_top,1,-1,49.72,150.94,150.94,301.89,2025-09-09 12:00:00,54080.20000000001,1,52687.20000000001,neutral,True
2025-09-11,2025-09-11 12:15:00,2025-09-11 15:15:00,2025,NSE-BANKNIFTY,CANDLESTICK,LONG,54876.4,54865.6,54763.43,55102.34,-10.8,-202.0,0,SQUARE OFF,0.3333,15,75000,hammer,1,1,66.0,112.97,112.97,225.94,2025-09-11 12:00:00,52687.20000000001,1,52485.20000000001,neutral,True
2025-09-23,2025-09-23 12:15:00,2025-09-23 12:30:00,2025,NSE-BANKNIFTY,CANDLESTICK,LONG,55494.0,55725.74,55373.13,55735.74,231.74,3436.1,1,TARGET HIT,0.3333,15,75000,bullish_engulfing,1,1,44.62,120.87,120.87,241.74,2025-09-23 12:00:00,52485.20000000001,1,55921.30000000001,neutral,True
2025-09-24,2025-09-24 13:15:00,2025-09-24 15:00:00,2025,NSE-BANKNIFTY,CANDLESTICK,LONG,55386.0,55212.06,55222.06,55713.89,-173.94,-2649.1,0,STOP LOSS,0.3333,15,75000,morning_star,1,1,42.64,163.94,163.94,327.89,2025-09-24 13:00:00,55921.30000000001,1,53272.20000000001,neutral,True
2025-09-25,2025-09-25 10:15:00,2025-09-25 15:00:00,2025,NSE-BANKNIFTY,CANDLESTICK,LONG,55325.8,55150.21,55160.21,55656.97,-175.59,-2673.85,0,STOP LOSS,0.3333,15,75000,bullish_engulfing,1,1,41.93,165.59,165.59,331.17,2025-09-25 10:00:00,53272.20000000001,1,50598.35000000001,neutral,True
2025-09-25,2025-09-25 12:15:00,2025-09-25 13:00:00,2025,NSE-BANKNIFTY,CANDLESTICK,SHORT,55196.0,55373.31,55363.31,54861.37,-177.31,-2699.65,0,STOP LOSS,0.3333,15,75000,evening_star,1,-1,37.66,167.31,167.31,334.63,2025-09-25 12:00:00,50598.35000000001,1,47898.70000000001,neutral,True
2025-09-25,2025-09-25 14:15:00,2025-09-25 15:15:00,2025,NSE-BANKNIFTY,CANDLESTICK,SHORT,55343.2,55143.2,55505.76,55018.09,200.0,2960.0,1,SQUARE OFF,0.3333,15,75000,tweezer_top,1,-1,46.22,162.56,162.56,325.11,2025-09-25 14:00:00,47898.70000000001,1,50858.70000000001,neutral,True
2025-09-29,2025-09-29 11:15:00,2025-09-29 15:15:00,2025,NSE-BANKNIFTY,CANDLESTICK,SHORT,54611.4,54571.2,54792.69,54248.83,40.2,563.0,1,SQUARE OFF,0.3333,15,75000,dark_cloud,1,-1,32.62,181.29,181.29,362.57,2025-09-29 11:00:00,50858.70000000001,1,51421.70000000001,neutral,True
2025-09-30,2025-09-30 14:15:00,2025-09-30 15:15:00,2025,NSE-BANKNIFTY,CANDLESTICK,SHORT,54957.2,55027.6,55173.51,54524.57,-70.4,-1096.0,0,SQUARE OFF,0.3333,15,75000,tweezer_top,1,-1,51.9,216.31,216.31,432.63,2025-09-30 14:00:00,51421.70000000001,1,50325.70000000001,neutral,True
2025-10-08,2025-10-08 13:15:00,2025-10-08 15:15:00,2025,NSE-BANKNIFTY,CANDLESTICK,LONG,56349.8,56193.4,56189.61,56670.17,-156.4,-2386.0,0,SQUARE OFF,0.3333,15,75000,morning_star,1,1,58.96,160.19,160.19,320.37,2025-10-08 13:00:00,50325.70000000001,1,47939.70000000001,neutral,True
2025-10-09,2025-10-09 11:15:00,2025-10-09 15:15:00,2025,NSE-BANKNIFTY,CANDLESTICK,LONG,56415.4,56385.0,56243.16,56759.89,-30.4,-496.0,0,SQUARE OFF,0.3333,15,75000,bullish_engulfing,1,1,59.83,172.24,172.24,344.49,2025-10-09 11:00:00,47939.70000000001,1,47443.70000000001,neutral,True
2025-10-13,2025-10-13 13:15:00,2025-10-13 15:15:00,2025,NSE-BANKNIFTY,CANDLESTICK,LONG,56850.4,56821.0,56700.47,57150.26,-29.4,-481.0,0,SQUARE OFF,0.3333,15,75000,tweezer_bottom,1,1,62.34,149.93,149.93,299.86,2025-10-13 13:00:00,47443.70000000001,1,46962.70000000001,neutral,True
2025-10-14,2025-10-14 14:15:00,2025-10-14 15:15:00,2025,NSE-BANKNIFTY,CANDLESTICK,LONG,56615.6,56714.0,56465.83,56915.14,98.4,1436.0,1,SQUARE OFF,0.3333,15,75000,morning_star,1,1,48.92,149.77,149.77,299.54,2025-10-14 14:00:00,46962.70000000001,1,48398.70000000001,neutral,True
2025-10-15,2025-10-15 13:15:00,2025-10-15 15:15:00,2025,NSE-BANKNIFTY,CANDLESTICK,LONG,57066.4,56973.0,56919.7,57359.8,-93.4,-1441.0,0,SQUARE OFF,0.3333,15,75000,bullish_engulfing,1,1,64.88,146.7,146.7,293.4,2025-10-15 13:00:00,48398.70000000001,1,46957.70000000001,neutral,True
2025-10-29,2025-10-29 11:15:00,2025-10-29 15:15:00,2025,NSE-BANKNIFTY,CANDLESTICK,LONG,58560.0,58754.2,58363.13,58953.74,194.2,2873.0,1,SQUARE OFF,0.3333,15,75000,tweezer_bottom,1,1,64.22,196.87,196.87,393.74,2025-10-29 11:00:00,46957.70000000001,1,49830.70000000001,neutral,True
2025-10-31,2025-10-31 12:15:00,2025-10-31 15:15:00,2025,NSE-BANKNIFTY,CANDLESTICK,LONG,58280.6,58166.8,58111.86,58618.09,-113.8,-1747.0,0,SQUARE OFF,0.3333,15,75000,piercing,1,1,44.85,168.74,168.74,337.49,2025-10-31 12:00:00,49830.70000000001,1,48083.70000000001,neutral,True
2025-11-03,2025-11-03 13:15:00,2025-11-03 15:15:00,2025,NSE-BANKNIFTY,CANDLESTICK,LONG,58443.8,58384.2,58272.1,58787.2,-59.6,-934.0,0,SQUARE OFF,0.3333,15,75000,bullish_engulfing,1,1,54.03,171.7,171.7,343.4,2025-11-03 13:00:00,48083.70000000001,1,47149.70000000001,neutral,True
2025-11-04,2025-11-04 11:15:00,2025-11-04 15:15:00,2025,NSE-BANKNIFTY,CANDLESTICK,LONG,58201.4,58124.4,58041.51,58521.17,-77.0,-1195.0,0,SQUARE OFF,0.3333,15,75000,tweezer_bottom,1,1,43.58,159.89,159.89,319.77,2025-11-04 11:00:00,47149.70000000001,1,45954.70000000001,neutral,True
2025-11-04,2025-11-04 12:15:00,2025-11-04 15:15:00,2025,NSE-BANKNIFTY,CANDLESTICK,LONG,58181.0,58124.4,58030.06,58482.89,-56.6,-889.0,0,SQUARE OFF,0.3333,15,75000,hammer,1,1,42.51,150.94,150.94,301.89,2025-11-04 12:00:00,45954.70000000001,1,45065.70000000001,neutral,True
2025-11-06,2025-11-06 11:15:00,2025-11-06 13:00:00,2025,NSE-BANKNIFTY,CANDLESTICK,SHORT,57917.8,58063.54,58053.54,57646.31,-145.74,-2226.1,0,STOP LOSS,0.3333,15,75000,shooting_star,1,-1,33.44,135.74,135.74,271.49,2025-11-06 11:00:00,45065.70000000001,1,42839.60000000001,neutral,True
2025-11-06,2025-11-06 12:15:00,2025-11-06 12:45:00,2025,NSE-BANKNIFTY,CANDLESTICK,SHORT,57877.0,58020.06,58010.06,57610.89,-143.06,-2185.9,0,STOP LOSS,0.3333,15,75000,bearish_engulfing,1,-1,31.97,133.06,133.06,266.11,2025-11-06 12:00:00,42839.60000000001,1,40653.70000000001,neutral,True
2025-11-06,2025-11-06 14:15:00,2025-11-06 15:15:00,2025,NSE-BANKNIFTY,CANDLESTICK,SHORT,57936.2,57892.4,58080.81,57646.97,43.8,617.0,1,SQUARE OFF,0.3333,15,75000,dark_cloud,1,-1,37.48,144.61,144.61,289.23,2025-11-06 14:00:00,40653.70000000001,1,41270.70000000001,neutral,True
2025-11-11,2025-11-11 14:15:00,2025-11-11 15:15:00,2025,NSE-BANKNIFTY,CANDLESTICK,LONG,58304.8,58352.6,58160.7,58593.0,47.8,677.0,1,SQUARE OFF,0.3333,15,75000,three_white_soldiers,1,1,56.87,144.1,144.1,288.2,2025-11-11 14:00:00,41270.70000000001,1,41947.70000000001,neutral,True
2025-11-12,2025-11-12 13:15:00,2025-11-12 15:15:00,2025,NSE-BANKNIFTY,CANDLESTICK,LONG,58672.2,58516.2,58524.17,58968.26,-156.0,-2380.0,0,SQUARE OFF,0.3333,15,75000,bullish_engulfing,1,1,68.9,148.03,148.03,296.06,2025-11-12 13:00:00,41947.70000000001,1,39567.70000000001,neutral,True
2025-11-13,2025-11-13 10:15:00,2025-11-13 14:00:00,2025,NSE-BANKNIFTY,CANDLESTICK,LONG,58654.4,58498.63,58508.63,58945.94,-155.77,-2376.55,0,STOP LOSS,0.3333,15,75000,bullish_engulfing,1,1,64.8,145.77,145.77,291.54,2025-11-13 10:00:00,39567.70000000001,1,37191.15000000001,neutral,True
2025-11-13,2025-11-13 13:15:00,2025-11-13 14:00:00,2025,NSE-BANKNIFTY,CANDLESTICK,LONG,58730.0,58584.49,58594.49,59001.03,-145.51,-2222.65,0,STOP LOSS,0.3333,15,75000,hammer,1,1,66.26,135.51,135.51,271.03,2025-11-13 13:00:00,37191.15000000001,1,34968.50000000001,neutral,True
2025-11-18,2025-11-18 11:15:00,2025-11-18 15:15:00,2025,NSE-BANKNIFTY,CANDLESTICK,LONG,59065.2,58978.4,58927.44,59340.71,-86.8,-1342.0,0,SQUARE OFF,0.3333,15,75000,bullish_engulfing,1,1,65.93,137.76,137.76,275.51,2025-11-18 11:00:00,34968.50000000001,1,33626.50000000001,neutral,True
2025-11-18,2025-11-18 13:15:00,2025-11-18 15:15:00,2025,NSE-BANKNIFTY,CANDLESTICK,LONG,59071.0,58978.4,58942.3,59328.4,-92.6,-1429.0,0,SQUARE OFF,0.3333,15,75000,tweezer_bottom,1,1,65.57,128.7,128.7,257.4,2025-11-18 13:00:00,33626.50000000001,1,32197.500000000007,neutral,True
2025-11-19,2025-11-19 10:15:00,2025-11-19 10:45:00,2025,NSE-BANKNIFTY,CANDLESTICK,LONG,58954.4,58843.13,58853.13,59156.94,-111.27,-1709.05,0,STOP LOSS,0.3333,15,75000,hammer,1,1,55.22,101.27,101.27,202.54,2025-11-19 10:00:00,32197.500000000007,1,30488.450000000008,neutral,True
2025-11-19,2025-11-19 12:15:00,2025-11-19 14:30:00,2025,NSE-BANKNIFTY,CANDLESTICK,LONG,59003.2,59210.09,58894.76,59220.09,206.89,3063.35,1,TARGET HIT,0.6667,15,75000,bullish_engulfing|tweezer_bottom,2,1,57.15,108.44,108.44,216.89,2025-11-19 12:00:00,30488.450000000008,1,33551.80000000001,neutral,True
2025-11-20,2025-11-20 11:15:00,2025-11-20 15:15:00,2025,NSE-BANKNIFTY,CANDLESTICK,LONG,59272.4,59390.0,59151.17,59514.86,117.6,1724.0,1,SQUARE OFF,0.3333,15,75000,tweezer_bottom,1,1,67.97,121.23,121.23,242.46,2025-11-20 11:00:00,33551.80000000001,1,35275.80000000001,neutral,True
2025-11-24,2025-11-24 10:15:00,2025-11-24 15:00:00,2025,NSE-BANKNIFTY,CANDLESTICK,LONG,59163.8,58996.66,59006.66,59478.09,-167.14,-2547.1,0,STOP LOSS,0.3333,15,75000,morning_star,1,1,52.9,157.14,157.14,314.29,2025-11-24 10:00:00,35275.80000000001,1,32728.70000000001,neutral,True
2025-11-26,2025-11-26 10:15:00,2025-11-26 15:15:00,2025,NSE-BANKNIFTY,CANDLESTICK,LONG,59826.8,59811.0,59575.24,60329.91,-15.8,-277.0,0,SQUARE OFF,0.3333,15,75000,morning_star,1,1,64.63,251.56,251.56,503.11,2025-11-26 10:00:00,32728.70000000001,1,32451.70000000001,neutral,True
2025-11-28,2025-11-28 11:15:00,2025-11-28 14:00:00,2025,NSE-BANKNIFTY,CANDLESTICK,LONG,60140.2,59989.31,59999.31,60421.97,-150.89,-2303.35,0,STOP LOSS,0.3333,15,75000,bullish_engulfing,1,1,66.15,140.89,140.89,281.77,2025-11-28 11:00:00,32451.70000000001,1,30148.350000000013,neutral,True
2025-12-01,2025-12-01 13:15:00,2025-12-01 14:30:00,2025,NSE-BANKNIFTY,CANDLESTICK,LONG,60030.6,59868.74,59878.74,60334.31,-161.86,-2467.9,0,STOP LOSS,0.3333,15,75000,tweezer_bottom,1,1,54.94,151.86,151.86,303.71,2025-12-01 13:00:00,30148.350000000013,1,27680.45000000001,neutral,True
2025-12-02,2025-12-02 11:15:00,2025-12-02 14:30:00,2025,NSE-BANKNIFTY,CANDLESTICK,LONG,59863.0,59698.0,59708.0,60173.0,-165.0,-2515.0,0,STOP LOSS,0.6667,15,75000,bullish_engulfing|tweezer_bottom,2,1,48.36,155.0,155.0,310.0,2025-12-02 11:00:00,27680.45000000001,1,25165.45000000001,neutral,True
2025-12-03,2025-12-03 12:15:00,2025-12-03 13:45:00,2025,NSE-BANKNIFTY,CANDLESTICK,LONG,59559.8,59394.93,59404.93,59869.54,-164.87,-2513.05,0,STOP LOSS,1.0,15,75000,bullish_engulfing|tweezer_bottom|morning_star,3,1,41.05,154.87,154.87,309.74,2025-12-03 12:00:00,25165.45000000001,1,22652.400000000012,neutral,True
2025-12-04,2025-12-04 10:15:00,2025-12-04 12:15:00,2025,NSE-BANKNIFTY,CANDLESTICK,LONG,59737.0,59561.06,59571.06,60068.89,-175.94,-2679.1,0,STOP LOSS,0.3333,15,75000,hammer,1,1,49.38,165.94,165.94,331.89,2025-12-04 10:00:00,22652.400000000012,1,19973.300000000014,neutral,True
2025-12-05,2025-12-05 13:15:00,2025-12-05 15:15:00,2025,NSE-BANKNIFTY,CANDLESTICK,LONG,60053.8,60029.4,59853.9,60453.6,-24.4,-406.0,0,SQUARE OFF,0.3333,15,75000,bullish_engulfing,1,1,62.3,199.9,199.9,399.8,2025-12-05 13:00:00,19973.300000000014,1,19567.300000000014,neutral,True
2025-12-10,2025-12-10 11:15:00,2025-12-10 15:15:00,2025,NSE-BANKNIFTY,CANDLESTICK,SHORT,59428.4,59258.6,59612.73,59059.74,169.8,2507.0,1,SQUARE OFF,0.3333,15,75000,tweezer_top,1,-1,40.87,184.33,184.33,368.66,2025-12-10 11:00:00,19567.300000000014,1,22074.300000000014,neutral,True
2025-12-11,2025-12-11 13:15:00,2025-12-11 15:15:00,2025,NSE-BANKNIFTY,CANDLESTICK,SHORT,59415.2,59509.0,59612.77,59020.06,-93.8,-1447.0,0,SQUARE OFF,0.3333,15,75000,bearish_engulfing,1,-1,46.93,197.57,197.57,395.14,2025-12-11 13:00:00,22074.300000000014,1,20627.300000000014,neutral,True
2025-12-12,2025-12-12 11:15:00,2025-12-12 15:15:00,2025,NSE-BANKNIFTY,CANDLESTICK,SHORT,59505.4,59668.4,59710.37,59095.46,-163.0,-2485.0,0,SQUARE OFF,0.3333,15,75000,bearish_engulfing,1,-1,49.68,204.97,204.97,409.94,2025-12-12 11:00:00,20627.300000000014,1,18142.300000000014,neutral,True
2025-12-15,2025-12-15 14:15:00,2025-12-15 15:15:00,2025,NSE-BANKNIFTY,CANDLESTICK,SHORT,59656.2,59701.6,59816.36,59335.89,-45.4,-721.0,0,SQUARE OFF,0.3333,15,75000,tweezer_top,1,-1,53.85,160.16,160.16,320.31,2025-12-15 14:00:00,18142.300000000014,1,17421.300000000014,neutral,True
