date,entry_ts,exit_ts,year,instrument,strategy,direction,entry,exit_price,stop,target,pnl_pts,pnl_rs,win,exit_reason,bias_score,lots_used,capital_used,atr14,stop_pts,target_pts,vah,val,poc,pierce_pts,profile_used,regime_start,days_held,regime,macro_ok,size_factor,trend_pct,per_trade_risk_pct,period
2022-01-07,2022-01-07 11:00:00,2022-01-10 09:15:00,2022,NSE-BANKNIFTY,VP_TRAIL_SWING,SHORT,38047.4,37822.93,38639.11,35650.0,164.47,4894.04,1,TRAIL STOP,1.0,30,75000,637.86,591.71,2397.4,37420.0,34800.0,35650.0,830.0,full,,1,neutral,True,0.5,6.47,0.45,IS
2022-02-08,2022-02-08 11:30:00,2022-02-11 09:15:00,2022,NSE-BANKNIFTY,VP_TRAIL_SWING,LONG,37705.35,38874.9,36876.6,39310.0,1109.55,33246.43,1,BREAKEVEN,1.0,30,75000,760.0,828.75,1604.65,39480.0,38180.0,39310.0,793.95,full,,3,neutral,True,1.0,0.01,0.9,IS
2022-02-22,2022-02-22 11:30:00,2022-02-22 15:15:00,2022,NSE-BANKNIFTY,VP_TRAIL_SWING,LONG,37340.45,37320.0,36567.76,38110.0,-80.45,-2453.5,0,SQUARE OFF,0.4595,30,75000,804.41,772.69,769.55,38880.0,37420.0,38110.0,369.6,full,,0,neutral,True,1.0,2.31,0.9,IS
2022-04-19,2022-04-19 10:00:00,2022-04-19 15:00:00,2022,NSE-BANKNIFTY,VP_TRAIL_SWING,LONG,36798.3,36686.25,36121.07,37750.0,-172.05,-5201.57,0,TRAIL STOP,1.0,30,75000,724.14,677.23,951.7,38480.0,37460.0,37750.0,904.45,full,,0,neutral,True,0.5,-2.33,0.45,IS
2022-04-25,2022-04-25 10:00:00,2022-04-25 14:30:00,2022,NSE-BANKNIFTY,VP_TRAIL_SWING,LONG,36164.35,35888.0,35481.41,37750.0,-336.35,-10130.5,0,EARLY CUT,1.0,30,75000,680.82,682.94,1585.65,38760.0,36840.0,37750.0,950.1,full,,0,neutral,True,0.5,-3.97,0.45,IS
2022-04-26,2022-04-26 13:30:00,2022-04-26 14:30:00,2022,NSE-BANKNIFTY,VP_TRAIL_SWING,LONG,36498.95,36409.6,35937.05,37750.0,-149.35,-4520.5,0,EARLY CUT,0.7252,30,75000,620.99,561.9,1251.05,38760.0,36760.0,37750.0,450.35,full,,0,neutral,True,0.5,-1.86,0.45,IS
2022-06-06,2022-06-06 12:00:00,2022-06-06 15:15:00,2022,NSE-BANKNIFTY,VP_TRAIL_SWING,LONG,35429.15,35408.7,34924.15,35630.0,-80.45,-2453.5,0,SQUARE OFF,0.3511,30,75000,521.34,505.0,200.85,35880.0,35420.0,35630.0,183.05,full,,0,neutral,True,0.5,-0.8,0.45,IS
2022-06-09,2022-06-09 12:30:00,2022-06-10 09:15:00,2022,NSE-BANKNIFTY,VP_TRAIL_SWING,LONG,34985.35,34985.35,34515.49,35630.0,-60.0,-1840.0,0,TRAIL STOP,0.7807,30,75000,508.19,469.86,644.65,35960.0,35220.0,35630.0,396.75,full,,1,neutral,True,0.5,-2.2,0.45,IS
2022-08-04,2022-08-04 12:00:00,2022-08-04 13:00:00,2022,NSE-BANKNIFTY,VP_TRAIL_SWING,LONG,37686.7,37686.7,36935.24,37910.0,-60.0,-1840.0,0,BREAKEVEN,0.4957,30,75000,588.43,751.46,223.3,38120.0,37580.0,37910.0,291.7,full,,0,neutral,True,1.0,3.45,0.9,IS
2022-09-26,2022-09-26 12:00:00,2022-09-26 14:45:00,2022,NSE-BANKNIFTY,VP_TRAIL_SWING,LONG,38799.95,38700.0,38158.66,39610.0,-159.95,-4838.5,0,EARLY CUT,0.4601,30,75000,642.73,641.29,810.05,41020.0,38840.0,39610.0,295.7,full,,0,neutral,True,0.5,-3.04,0.45,IS
2022-10-06,2022-10-06 11:15:00,2022-10-06 12:45:00,2022,NSE-BANKNIFTY,VP_TRAIL_SWING,SHORT,39549.55,39737.0,39830.0,39210.0,-247.45,-7463.5,0,TRAIL STOP,1.0,30,75000,300.0,280.45,339.55,39340.0,38320.0,39210.0,310.0,full,,0,neutral,True,0.5,1.8,0.45,IS
2022-10-06,2022-10-06 13:45:00,2022-10-07 09:15:00,2022,NSE-BANKNIFTY,VP_TRAIL_SWING,SHORT,39593.85,39210.0,39930.0,39210.0,323.85,9675.5,1,TARGET HIT,0.5615,30,75000,730.13,336.15,383.85,39340.0,38200.0,39210.0,410.0,full,,1,neutral,True,0.5,1.8,0.45,IS
2022-10-21,2022-10-21 13:30:00,2022-10-21 15:15:00,2022,NSE-BANKNIFTY,VP_TRAIL_SWING,SHORT,40816.65,40850.0,41359.62,39050.0,-93.35,-2840.5,0,SQUARE OFF,1.0,30,75000,549.36,542.97,1766.65,39820.0,38320.0,39050.0,1210.0,full,,0,neutral,True,0.5,3.74,0.45,IS
2022-12-07,2022-12-07 11:30:00,2022-12-07 13:45:00,2022,NSE-BANKNIFTY,VP_TRAIL_SWING,LONG,43286.95,43286.95,42976.73,43450.0,-60.0,-1840.0,0,BREAKEVEN,0.3077,30,75000,334.11,310.22,163.05,43500.0,43280.0,43450.0,102.8,full,,0,neutral,True,1.0,0.35,0.9,IS
2022-12-20,2022-12-20 12:00:00,2022-12-20 13:00:00,2022,NSE-BANKNIFTY,VP_TRAIL_SWING,LONG,43173.6,43173.6,42821.79,43310.0,-60.0,-1840.0,0,BREAKEVEN,0.3594,30,75000,373.35,351.81,136.4,43560.0,43180.0,43310.0,134.2,full,,0,neutral,True,0.5,-0.71,0.45,IS
2022-12-22,2022-12-22 13:30:00,2022-12-22 15:15:00,2022,NSE-BANKNIFTY,VP_TRAIL_SWING,LONG,42503.55,42412.05,42046.24,43310.0,-151.5,-4585.0,0,SQUARE OFF,1.0,30,75000,472.94,457.31,806.45,43760.0,43140.0,43310.0,810.0,full,,0,neutral,True,0.5,-3.08,0.45,IS
2022-12-27,2022-12-27 10:00:00,2022-12-29 09:15:00,2022,NSE-BANKNIFTY,VP_TRAIL_SWING,LONG,42517.65,42754.8,41955.3,43310.0,177.15,5274.39,1,BREAKEVEN,1.0,30,75000,583.7,562.35,792.35,44080.0,43140.0,43310.0,838.3,full,,2,neutral,True,0.5,-2.08,0.45,IS
2022-12-29,2022-12-29 13:45:00,2022-12-30 09:15:00,2022,NSE-BANKNIFTY,VP_TRAIL_SWING,LONG,42868.9,43501.05,42286.03,43310.0,572.15,17124.5,1,CONTRACT ROLL,1.0,30,75000,300.0,582.87,441.1,44240.0,43100.0,43310.0,463.75,full,,0,neutral,True,1.0,-0.0,0.9,IS
2023-01-04,2023-01-04 12:30:00,2023-01-04 14:15:00,2023,NSE-BANKNIFTY,VP_TRAIL_SWING,LONG,43199.05,43199.05,42880.0,43430.0,-60.0,-1840.0,0,BREAKEVEN,0.6667,30,75000,300.0,319.05,230.95,43560.0,43260.0,43430.0,200.0,full,,0,neutral,True,1.0,1.74,0.9,IS
2023-01-05,2023-01-05 13:45:00,2023-01-06 09:15:00,2023,NSE-BANKNIFTY,VP_TRAIL_SWING,LONG,42645.0,42645.0,42135.06,43430.0,-60.0,-1840.0,0,TRAIL STOP,1.0,30,75000,601.5,509.94,785.0,43560.0,43100.0,43430.0,626.4,full,,1,neutral,True,1.0,0.86,0.9,IS
2023-01-25,2023-01-25 11:45:00,2023-01-25 15:00:00,2023,NSE-BANKNIFTY,VP_TRAIL_SWING,LONG,41775.0,41641.4,41211.06,42350.0,-193.6,-5848.0,0,EARLY CUT,0.9028,30,75000,564.9,563.94,575.0,42920.0,42060.0,42350.0,510.0,full,,0,neutral,True,1.0,0.86,0.9,IS
2023-02-01,2023-02-01 11:15:00,2023-02-01 12:15:00,2023,NSE-BANKNIFTY,VP_TRAIL_SWING,SHORT,41461.65,41609.6,41778.8,40730.0,-207.95,-6278.5,0,TRAIL STOP,0.996,30,75000,300.0,317.15,731.65,41300.0,40440.0,40730.0,298.8,full,,0,neutral,True,1.0,-3.98,0.9,IS
2023-02-01,2023-02-01 13:45:00,2023-02-01 14:00:00,2023,NSE-BANKNIFTY,VP_TRAIL_SWING,SHORT,41128.0,41255.35,42018.0,40730.0,-187.35,-5660.5,0,TRAIL STOP,0.9933,30,75000,300.0,890.0,398.0,41540.0,40440.0,40730.0,298.0,full,,0,neutral,True,1.0,-3.98,0.9,IS
2023-03-01,2023-03-01 12:00:00,2023-03-01 14:30:00,2023,NSE-BANKNIFTY,VP_TRAIL_SWING,SHORT,40775.0,40926.0,41050.0,40490.0,-211.0,-6370.0,0,EARLY CUT,0.9667,30,75000,300.0,275.0,285.0,40580.0,40200.0,40490.0,290.0,full,,0,neutral,True,1.0,-0.61,0.9,IS
2023-03-06,2023-03-06 11:00:00,2023-03-08 09:30:00,2023,NSE-BANKNIFTY,VP_TRAIL_SWING,SHORT,41619.4,41497.24,42103.81,40490.0,62.16,1824.78,1,TRAIL STOP,1.0,30,75000,509.28,484.41,1129.4,40900.0,40120.0,40490.0,898.0,full,,1,neutral,True,0.5,3.19,0.45,IS
2023-03-09,2023-03-09 12:15:00,2023-03-10 09:15:00,2023,NSE-BANKNIFTY,VP_TRAIL_SWING,SHORT,41579.7,40900.9,42063.04,40490.0,618.8,18523.93,1,BREAKEVEN,0.6821,30,75000,505.81,483.34,1089.7,41420.0,40080.0,40490.0,345.0,full,,1,neutral,True,0.5,3.09,0.45,IS
2023-04-06,2023-04-06 11:30:00,2023-04-10 12:00:00,2023,NSE-BANKNIFTY,VP_TRAIL_SWING,SHORT,41309.4,41160.02,41605.0,40850.0,89.38,2641.4,1,BREAKEVEN,0.8893,30,75000,365.44,295.6,459.4,41100.0,40640.0,40850.0,325.0,full,,1,neutral,True,0.5,4.33,0.45,IS
2023-05-05,2023-05-05 12:15:00,2023-05-05 13:45:00,2023,NSE-BANKNIFTY,VP_TRAIL_SWING,LONG,43210.0,42935.64,42736.46,43430.0,-334.36,-10070.72,0,TRAIL STOP,0.3688,30,75000,457.81,473.54,220.0,43480.0,43180.0,43430.0,168.85,full,,0,neutral,True,1.0,1.87,0.9,IS
2023-05-10,2023-05-10 10:15:00,2023-05-10 14:00:00,2023,NSE-BANKNIFTY,VP_TRAIL_SWING,LONG,43023.9,43270.0,42558.32,43270.0,186.1,5543.0,1,TARGET HIT,0.4352,30,75000,484.62,465.58,246.1,43480.0,43060.0,43270.0,210.9,full,,0,neutral,True,1.0,-0.34,0.9,IS
2023-06-16,2023-06-16 10:15:00,2023-06-16 14:45:00,2023,NSE-BANKNIFTY,VP_TRAIL_SWING,LONG,43845.0,44210.0,43542.63,44210.0,305.0,9110.0,1,TARGET HIT,0.9059,30,75000,330.28,302.37,365.0,44380.0,44040.0,44210.0,299.2,full,,0,neutral,True,0.5,-1.34,0.45,IS
2023-06-20,2023-06-20 13:00:00,2023-06-21 10:30:00,2023,NSE-BANKNIFTY,VP_TRAIL_SWING,LONG,43666.75,43856.86,43302.39,44210.0,130.11,3863.27,1,BREAKEVEN,1.0,30,75000,339.68,364.36,543.25,44420.0,44040.0,44210.0,526.2,full,,1,neutral,True,0.5,-0.67,0.45,IS
2023-06-23,2023-06-23 12:30:00,2023-06-23 14:30:00,2023,NSE-BANKNIFTY,VP_TRAIL_SWING,LONG,43820.0,43729.85,43480.8,44210.0,-150.15,-4544.5,0,EARLY CUT,0.3155,30,75000,348.66,339.2,390.0,44260.0,43800.0,44210.0,110.0,full,,0,neutral,True,1.0,0.47,0.9,IS
2023-06-28,2023-06-28 12:30:00,2023-06-28 12:45:00,2023,NSE-BANKNIFTY,VP_TRAIL_SWING,SHORT,44253.75,44253.75,44628.45,44210.0,-60.0,-1840.0,0,BREAKEVEN,0.3593,30,75000,384.09,374.7,43.75,44260.0,43760.0,44210.0,138.0,full,,0,neutral,True,0.5,0.57,0.45,IS
2023-06-28,2023-06-28 13:45:00,2023-06-28 14:15:00,2023,NSE-BANKNIFTY,VP_TRAIL_SWING,SHORT,44300.0,44300.0,44650.3,44210.0,-60.0,-1840.0,0,BREAKEVEN,0.4162,30,75000,384.09,350.3,90.0,44260.0,43760.0,44210.0,159.85,full,,0,neutral,True,0.5,0.57,0.45,IS
2023-08-04,2023-08-04 10:45:00,2023-08-04 13:30:00,2023,NSE-BANKNIFTY,VP_TRAIL_SWING,LONG,44856.65,44835.08,44345.71,45730.0,-81.57,-2487.06,0,TRAIL STOP,0.8018,30,75000,523.82,510.94,873.35,45940.0,45080.0,45730.0,420.0,full,,0,neutral,True,0.5,-2.16,0.45,IS
2023-09-27,2023-09-27 10:45:00,2023-09-27 13:30:00,2023,NSE-BANKNIFTY,VP_TRAIL_SWING,LONG,44321.75,44650.0,43867.17,44650.0,268.25,8007.5,1,TARGET HIT,0.7044,30,75000,469.81,454.58,328.25,45700.0,44480.0,44650.0,330.95,full,,0,neutral,True,0.5,-2.98,0.45,IS
2023-11-02,2023-11-02 10:45:00,2023-11-02 11:30:00,2023,NSE-BANKNIFTY,VP_TRAIL_SWING,SHORT,43270.8,43270.8,43743.25,42950.0,-60.0,-1840.0,0,BREAKEVEN,0.3379,30,75000,493.92,472.45,320.8,43280.0,42860.0,42950.0,166.9,full,,0,neutral,True,1.0,0.18,0.9,IS
2023-11-07,2023-11-07 11:45:00,2023-11-07 14:00:00,2023,NSE-BANKNIFTY,VP_TRAIL_SWING,SHORT,43576.05,43843.11,44011.94,42950.0,-327.06,-9851.78,0,TRAIL STOP,0.5662,30,75000,421.81,435.89,626.05,43520.0,42860.0,42950.0,238.85,full,,0,neutral,True,0.5,1.2,0.45,IS
2023-11-16,2023-11-16 12:00:00,2023-11-17 09:15:00,2023,NSE-BANKNIFTY,VP_TRAIL_SWING,SHORT,44435.4,43850.0,44784.63,43850.0,525.4,15722.0,1,TARGET HIT,1.0,30,75000,389.46,349.23,585.4,44060.0,43000.0,43850.0,492.95,full,,1,neutral,True,0.5,1.08,0.45,IS
2024-01-03,2024-01-03 10:30:00,2024-01-03 12:15:00,2024,NSE-BANKNIFTY,VP_TRAIL_SWING,LONG,47912.6,47861.85,47613.6,48590.0,-110.75,-3362.5,0,TRAIL STOP,1.0,30,75000,300.0,299.0,677.4,48880.0,48140.0,48590.0,346.4,full,,0,neutral,True,1.0,-0.01,0.9,IS
2024-01-03,2024-01-03 12:45:00,2024-01-05 09:15:00,2024,NSE-BANKNIFTY,VP_TRAIL_SWING,LONG,47971.9,48590.0,47664.95,48590.0,558.1,16703.0,1,TARGET HIT,0.5027,30,75000,507.35,306.95,618.1,48880.0,48100.0,48590.0,255.05,full,,2,neutral,True,1.0,-0.01,0.9,IS
2024-01-10,2024-01-10 13:45:00,2024-01-11 14:00:00,2024,NSE-BANKNIFTY,VP_TRAIL_SWING,LONG,47519.05,47536.65,46972.05,47990.0,-42.4,-1312.08,0,BREAKEVEN,0.9419,30,75000,572.0,547.0,470.95,48640.0,47860.0,47990.0,538.75,full,,1,neutral,True,0.5,-0.99,0.45,IS
2024-02-01,2024-02-01 11:15:00,2024-02-01 12:00:00,2024,NSE-BANKNIFTY,VP_TRAIL_SWING,SHORT,46211.25,46107.25,46571.95,45750.0,44.0,1280.0,1,BREAKEVEN,0.7732,30,75000,300.0,360.7,461.25,46160.0,45460.0,45750.0,231.95,full,,0,neutral,True,0.5,3.1,0.45,IS
2024-02-01,2024-02-01 12:15:00,2024-02-01 12:45:00,2024,NSE-BANKNIFTY,VP_TRAIL_SWING,SHORT,46251.3,46445.0,46617.25,45750.0,-253.7,-7651.0,0,TRAIL STOP,0.9242,30,75000,300.0,365.95,501.3,46160.0,45460.0,45750.0,277.25,full,,0,neutral,True,0.5,3.1,0.45,IS
2024-02-02,2024-02-02 12:15:00,2024-02-05 09:45:00,2024,NSE-BANKNIFTY,VP_TRAIL_SWING,SHORT,46837.9,46225.2,47603.41,45750.0,552.7,16541.0,1,BREAKEVEN,1.0,30,75000,716.3,765.51,1087.9,46320.0,45460.0,45750.0,825.5,full,,1,neutral,True,0.5,2.96,0.45,IS
2024-03-14,2024-03-14 10:30:00,2024-03-14 12:30:00,2024,NSE-BANKNIFTY,VP_TRAIL_SWING,LONG,47236.35,47236.35,46555.89,47570.0,-60.0,-1840.0,0,BREAKEVEN,0.7906,30,75000,607.01,680.46,333.65,48220.0,47400.0,47570.0,479.9,full,,0,neutral,True,0.5,-1.85,0.45,IS
2024-03-18,2024-03-18 11:30:00,2024-03-19 09:15:00,2024,NSE-BANKNIFTY,VP_TRAIL_SWING,LONG,46455.95,46603.07,45844.65,47570.0,87.12,2573.69,1,TRAIL STOP,1.0,30,75000,593.85,611.3,1114.05,48020.0,46840.0,47570.0,630.0,full,,1,neutral,True,0.5,-2.55,0.45,IS
2024-03-20,2024-03-20 10:45:00,2024-03-21 10:30:00,2024,NSE-BANKNIFTY,VP_TRAIL_SWING,LONG,46267.2,46855.85,45637.39,47570.0,528.65,15819.5,1,BREAKEVEN,0.8352,30,75000,572.3,629.81,1302.8,47780.0,46480.0,47570.0,478.0,full,,1,neutral,True,0.5,-2.3,0.45,IS
2024-04-04,2024-04-04 13:45:00,2024-04-04 14:30:00,2024,NSE-BANKNIFTY,VP_TRAIL_SWING,SHORT,48100.25,48235.0,48514.7,47890.0,-194.75,-5882.5,0,EARLY CUT,0.7093,30,75000,377.83,414.45,210.25,48020.0,47600.0,47890.0,268.0,full,,0,neutral,True,0.5,2.57,0.45,IS
2024-04-08,2024-04-08 13:15:00,2024-04-08 14:45:00,2024,NSE-BANKNIFTY,VP_TRAIL_SWING,SHORT,48643.1,48724.95,49093.86,47890.0,-141.85,-4295.5,0,EARLY CUT,1.0,30,75000,411.44,450.76,753.1,48260.0,47600.0,47890.0,587.0,full,,0,neutral,True,0.5,2.29,0.45,IS
2024-04-18,2024-04-18 13:45:00,2024-04-18 14:30:00,2024,NSE-BANKNIFTY,VP_TRAIL_SWING,LONG,47451.65,47167.07,46926.9,47890.0,-344.58,-10377.25,0,TRAIL STOP,0.4207,30,75000,463.5,524.75,438.35,48460.0,47400.0,47890.0,195.0,full,,0,neutral,True,0.5,-1.99,0.45,IS
2024-04-19,2024-04-19 11:30:00,2024-04-22 09:15:00,2024,NSE-BANKNIFTY,VP_TRAIL_SWING,LONG,47069.5,47890.0,46564.96,47890.0,760.5,22775.0,1,TARGET HIT,0.4194,30,75000,502.85,504.54,820.5,48500.0,47080.0,47890.0,210.9,full,,1,neutral,True,0.5,-3.34,0.45,IS
2024-05-09,2024-05-09 11:45:00,2024-05-09 14:30:00,2024,NSE-BANKNIFTY,VP_TRAIL_SWING,LONG,47989.0,47671.1,47395.93,49430.0,-377.9,-11377.0,0,EARLY CUT,1.0,30,75000,651.78,593.07,1441.0,49680.0,48460.0,49430.0,673.0,full,,0,neutral,True,0.5,-2.37,0.45,IS
2024-05-16,2024-05-16 11:15:00,2024-05-16 12:00:00,2024,NSE-BANKNIFTY,VP_TRAIL_SWING,LONG,47645.0,47890.0,46669.55,47890.0,185.0,5510.0,1,TARGET HIT,0.2685,30,75000,656.84,975.45,245.0,49100.0,47240.0,47890.0,176.35,full,,0,neutral,True,0.5,-0.64,0.45,IS
2024-07-02,2024-07-02 10:45:00,2024-07-02 11:30:00,2024,NSE-BANKNIFTY,VP_TRAIL_SWING,LONG,52532.8,52532.8,52246.0,52710.0,-60.0,-1840.0,0,BREAKEVEN,0.5133,30,75000,300.0,286.8,177.2,53040.0,52580.0,52710.0,154.0,full,,0,neutral,True,1.0,1.75,0.9,IS
2024-07-02,2024-07-02 11:45:00,2024-07-02 12:45:00,2024,NSE-BANKNIFTY,VP_TRAIL_SWING,LONG,52375.85,52214.25,52104.3,52710.0,-221.6,-6688.0,0,TRAIL STOP,0.5857,30,75000,300.0,271.55,334.15,52960.0,52460.0,52710.0,175.7,full,,0,neutral,True,1.0,1.75,0.9,IS
2024-07-05,2024-07-05 10:30:00,2024-07-08 09:15:00,2024,NSE-BANKNIFTY,VP_TRAIL_SWING,LONG,52579.8,52579.8,52021.95,53110.0,-60.0,-1840.0,0,TRAIL STOP,0.3319,30,75000,586.55,557.85,530.2,53200.0,52580.0,53110.0,194.65,full,,1,neutral,True,1.0,0.59,0.9,IS
2024-07-11,2024-07-11 11:30:00,2024-07-12 09:15:00,2024,NSE-BANKNIFTY,VP_TRAIL_SWING,LONG,52025.15,52292.59,51534.21,52650.0,207.44,6183.12,1,BREAKEVEN,0.6962,30,75000,545.83,490.94,624.85,52980.0,52240.0,52650.0,380.0,full,,1,neutral,True,0.5,-1.45,0.45,IS
2024-07-23,2024-07-23 12:00:00,2024-07-23 12:15:00,2024,NSE-BANKNIFTY,VP_TRAIL_SWING,LONG,52200.15,51820.04,51578.39,52650.0,-440.11,-13243.4,0,TRAIL STOP,0.5597,30,75000,536.02,621.76,449.85,52780.0,52200.0,52650.0,300.0,full,,0,neutral,True,1.0,-0.12,0.9,IS
2024-07-23,2024-07-23 13:15:00,2024-07-24 09:15:00,2024,NSE-BANKNIFTY,VP_TRAIL_SWING,LONG,51663.45,51832.54,51089.39,52650.0,109.09,3232.68,1,TRAIL STOP,1.0,30,75000,564.52,574.06,986.55,52820.0,52200.0,52650.0,789.0,full,,1,neutral,True,1.0,-0.12,0.9,IS
2024-07-24,2024-07-24 13:00:00,2024-07-24 14:00:00,2024,NSE-BANKNIFTY,VP_TRAIL_SWING,LONG,51205.0,51126.76,50582.29,52650.0,-138.24,-4187.23,0,TRAIL STOP,1.0,30,75000,564.52,622.71,1445.0,52780.0,52240.0,52650.0,1319.0,full,,0,neutral,True,0.5,-1.68,0.45,IS
2024-08-13,2024-08-13 10:00:00,2024-08-13 12:45:00,2024,NSE-BANKNIFTY,VP_TRAIL_SWING,SHORT,50572.5,50230.0,51386.72,50230.0,282.5,8435.0,1,TARGET HIT,0.3674,30,75000,647.87,814.22,342.5,50760.0,49900.0,50230.0,238.0,full,,0,neutral,True,0.5,1.16,0.45,IS
2024-08-27,2024-08-27 10:15:00,2024-08-27 13:45:00,2024,NSE-BANKNIFTY,VP_TRAIL_SWING,SHORT,51062.2,51376.13,51560.56,50650.0,-373.93,-11257.96,0,TRAIL STOP,0.3307,30,75000,494.84,498.36,412.2,51100.0,50120.0,50650.0,163.65,full,,0,neutral,True,0.5,1.42,0.45,IS
2024-08-28,2024-08-28 10:00:00,2024-08-28 15:15:00,2024,NSE-BANKNIFTY,VP_TRAIL_SWING,SHORT,51104.15,51143.7,51681.43,50650.0,-99.55,-3026.5,0,SQUARE OFF,0.5911,30,75000,488.13,577.28,454.15,51100.0,50080.0,50650.0,288.55,full,,0,neutral,True,0.5,0.68,0.45,IS
2024-09-09,2024-09-09 10:30:00,2024-09-10 09:45:00,2024,NSE-BANKNIFTY,VP_TRAIL_SWING,LONG,50960.0,51202.65,50448.66,51650.0,182.65,5439.5,1,BREAKEVEN,1.0,30,75000,449.5,511.34,690.0,51780.0,51360.0,51650.0,635.0,full,,1,neutral,True,0.5,-1.71,0.45,IS
2024-10-07,2024-10-07 11:15:00,2024-10-07 13:00:00,2024,NSE-BANKNIFTY,VP_TRAIL_SWING,LONG,51778.0,51262.25,51090.88,53430.0,-575.75,-17312.61,0,TRAIL STOP,0.5237,30,75000,737.87,687.12,1652.0,54040.0,51920.0,53430.0,386.4,full,,0,neutral,True,0.5,-4.73,0.45,IS
2024-10-07,2024-10-07 13:45:00,2024-10-07 14:45:00,2024,NSE-BANKNIFTY,VP_TRAIL_SWING,LONG,51111.95,51224.85,50253.48,53430.0,52.9,1546.89,1,TRAIL STOP,1.0,30,75000,737.87,858.47,2318.05,54040.0,51760.0,53430.0,1063.8,full,,0,neutral,True,0.5,-4.73,0.45,IS
2024-12-03,2024-12-03 11:45:00,2024-12-03 14:30:00,2024,NSE-BANKNIFTY,VP_TRAIL_SWING,SHORT,52860.0,52945.05,53139.75,52350.0,-145.05,-4391.5,0,EARLY CUT,1.0,30,75000,300.0,279.75,510.0,52640.0,52060.0,52350.0,319.75,full,,0,neutral,True,1.0,0.37,0.9,IS
2024-12-04,2024-12-04 11:45:00,2024-12-04 14:00:00,2024,NSE-BANKNIFTY,VP_TRAIL_SWING,SHORT,53087.0,53482.52,53707.5,52350.0,-455.52,-13705.6,0,TRAIL STOP,0.8148,30,75000,613.16,620.5,737.0,52840.0,52060.0,52350.0,499.6,full,,0,neutral,True,0.5,1.35,0.45,IS
2024-12-13,2024-12-13 11:00:00,2024-12-16 09:30:00,2024,NSE-BANKNIFTY,VP_TRAIL_SWING,LONG,52570.0,53690.0,52005.15,53690.0,1060.0,31760.0,1,TARGET HIT,0.8926,30,75000,604.89,564.85,1120.0,53900.0,52920.0,53690.0,539.9,full,,1,neutral,True,0.5,-0.5,0.45,IS
2024-12-19,2024-12-19 11:15:00,2024-12-20 09:15:00,2024,NSE-BANKNIFTY,VP_TRAIL_SWING,LONG,51701.9,51701.9,51110.67,53670.0,-60.0,-1840.0,0,TRAIL STOP,1.0,30,75000,665.9,591.23,1968.1,53840.0,52620.0,53670.0,1135.5,full,,1,neutral,True,0.5,-2.31,0.45,IS
2024-12-20,2024-12-20 10:30:00,2024-12-20 13:30:00,2024,NSE-BANKNIFTY,VP_TRAIL_SWING,LONG,51422.9,51067.42,50800.46,53670.0,-415.48,-12504.25,0,TRAIL STOP,1.0,30,75000,665.9,622.44,2247.1,53840.0,52500.0,53670.0,1300.0,full,,0,neutral,True,0.5,-3.12,0.45,IS
2024-12-23,2024-12-23 10:15:00,2024-12-23 14:30:00,2024,NSE-BANKNIFTY,VP_TRAIL_SWING,LONG,51420.0,51284.05,50798.86,53670.0,-195.95,-5918.5,0,EARLY CUT,1.0,30,75000,661.89,621.14,2250.0,53840.0,52380.0,53670.0,1184.0,full,,0,neutral,True,0.5,-5.27,0.45,IS
2024-12-31,2024-12-31 10:15:00,2024-12-31 12:00:00,2024,NSE-BANKNIFTY,VP_TRAIL_SWING,LONG,51193.85,51125.0,50835.05,51710.0,-128.85,-3905.5,0,TRAIL STOP,1.0,30,75000,300.0,358.8,516.15,52040.0,51380.0,51710.0,364.95,full,,0,neutral,True,1.0,1.14,0.9,IS
2024-12-31,2024-12-31 12:15:00,2025-01-02 13:15:00,2024,NSE-BANKNIFTY,VP_TRAIL_SWING,LONG,51223.55,51710.0,50942.5,51710.0,426.45,12753.5,1,TARGET HIT,0.3075,30,75000,707.29,281.05,486.45,52040.0,51340.0,51710.0,217.5,full,,1,neutral,True,1.0,1.14,0.9,IS
2025-02-04,2025-02-04 10:15:00,2025-02-04 10:30:00,2025,NSE-BANKNIFTY,VP_TRAIL_SWING,SHORT,50055.0,50064.25,50346.9,49490.0,-69.25,-2117.5,0,TRAIL STOP,0.7563,30,75000,300.0,291.9,565.0,49940.0,49400.0,49490.0,226.9,full,,0,neutral,True,0.5,1.33,0.45,IS
2025-02-04,2025-02-04 10:45:00,2025-02-04 12:15:00,2025,NSE-BANKNIFTY,VP_TRAIL_SWING,SHORT,49902.0,50100.3,50249.5,49490.0,-258.3,-7789.0,0,TRAIL STOP,0.4317,30,75000,300.0,347.5,412.0,49940.0,49400.0,49490.0,129.5,full,,0,neutral,True,0.5,1.33,0.45,IS
2025-02-12,2025-02-12 10:30:00,2025-02-12 12:45:00,2025,NSE-BANKNIFTY,VP_TRAIL_SWING,LONG,49220.0,49830.0,48588.06,49830.0,550.0,16460.0,1,TARGET HIT,0.7208,30,75000,629.89,631.94,610.0,50400.0,49420.0,49830.0,454.0,full,,0,neutral,True,0.5,-1.47,0.45,IS
2025-02-14,2025-02-14 11:45:00,2025-02-14 14:30:00,2025,NSE-BANKNIFTY,VP_TRAIL_SWING,LONG,49293.95,49293.95,48700.4,49530.0,-60.0,-1840.0,0,BREAKEVEN,0.4865,30,75000,643.92,593.55,236.05,50340.0,49400.0,49530.0,313.25,full,,0,neutral,True,0.5,-2.18,0.45,IS
2025-02-17,2025-02-17 10:15:00,2025-02-18 09:15:00,2025,NSE-BANKNIFTY,VP_TRAIL_SWING,LONG,48944.0,49191.84,48316.42,49530.0,187.84,5595.18,1,BREAKEVEN,1.0,30,75000,646.32,627.58,586.0,50380.0,49360.0,49530.0,649.8,full,,1,neutral,True,0.5,-2.17,0.45,IS
2025-02-18,2025-02-18 11:30:00,2025-02-19 09:15:00,2025,NSE-BANKNIFTY,VP_TRAIL_SWING,LONG,49165.0,49165.0,48553.01,49530.0,-60.0,-1840.0,0,TRAIL STOP,0.2714,30,75000,660.35,611.99,365.0,50260.0,49120.0,49530.0,179.2,full,,1,neutral,True,0.5,-1.43,0.45,IS
2025-03-05,2025-03-05 10:15:00,2025-03-05 15:15:00,2025,NSE-BANKNIFTY,VP_TRAIL_SWING,SHORT,48677.0,48729.95,49009.95,48430.0,-112.95,-3428.5,0,SQUARE OFF,0.4998,30,75000,300.0,332.95,247.0,48680.0,48340.0,48430.0,149.95,full,,0,neutral,True,1.0,-0.61,0.9,IS
2025-04-07,2025-04-07 13:30:00,2025-04-08 09:15:00,2025,NSE-BANKNIFTY,VP_TRAIL_SWING,LONG,49749.25,50559.71,48919.93,51810.0,750.46,22473.82,1,BREAKEVEN,1.0,30,75000,737.08,829.32,2060.75,52020.0,51080.0,51810.0,1713.9,full,,1,neutral,True,1.0,0.12,0.9,IS
2025-04-08,2025-04-08 10:45:00,2025-04-09 09:15:00,2025,NSE-BANKNIFTY,VP_TRAIL_SWING,LONG,50535.0,50553.53,49825.7,51810.0,-41.47,-1284.16,0,TRAIL STOP,0.3743,30,75000,726.84,709.3,1275.0,52140.0,50540.0,51810.0,272.05,full,,1,neutral,True,0.5,-3.22,0.45,IS
2025-05-26,2025-05-26 10:15:00,2025-05-26 10:30:00,2025,NSE-BANKNIFTY,VP_TRAIL_SWING,SHORT,55609.0,55430.0,56291.2,55430.0,119.0,3530.0,1,TARGET HIT,0.5215,30,75000,652.0,682.2,179.0,55560.0,54620.0,55430.0,340.0,full,,0,neutral,True,1.0,0.01,0.9,IS
2025-05-27,2025-05-27 12:15:00,2025-05-27 12:30:00,2025,NSE-BANKNIFTY,VP_TRAIL_SWING,SHORT,55650.6,55650.6,56332.88,55430.0,-60.0,-1840.0,0,BREAKEVEN,0.3331,30,75000,656.8,682.28,220.6,55720.0,54780.0,55430.0,218.8,full,,0,neutral,True,1.0,0.33,0.9,IS
2025-06-13,2025-06-13 10:30:00,2025-06-13 14:45:00,2025,NSE-BANKNIFTY,VP_TRAIL_SWING,LONG,55699.4,55525.0,55246.63,55990.0,-234.4,-7072.0,0,EARLY CUT,0.5622,30,75000,458.95,452.77,290.6,56520.0,55780.0,55990.0,258.0,full,,0,neutral,True,1.0,0.3,0.9,IS
2025-06-24,2025-06-24 12:30:00,2025-06-25 09:15:00,2025,NSE-BANKNIFTY,VP_TRAIL_SWING,SHORT,56637.2,56595.9,57171.26,55990.0,-18.7,-601.0,0,TRAIL STOP,1.0,30,75000,477.8,534.06,647.2,56360.0,55540.0,55990.0,519.4,full,,1,neutral,True,1.0,-0.11,0.9,IS
2025-07-03,2025-07-03 13:30:00,2025-07-03 14:30:00,2025,NSE-BANKNIFTY,VP_TRAIL_SWING,LONG,57355.0,57150.0,56949.38,57630.0,-265.0,-7990.0,0,EARLY CUT,0.3278,30,75000,421.04,405.62,275.0,57720.0,57340.0,57630.0,138.0,full,,0,neutral,True,1.0,1.12,0.9,IS
2025-07-11,2025-07-11 12:30:00,2025-07-11 15:15:00,2025,NSE-BANKNIFTY,VP_TRAIL_SWING,LONG,56988.0,56890.0,56583.02,57370.0,-158.0,-4780.0,0,SQUARE OFF,0.7949,30,75000,384.96,404.98,382.0,57500.0,57120.0,57370.0,306.0,full,,0,neutral,True,1.0,0.09,0.9,IS
2025-07-15,2025-07-15 10:00:00,2025-07-15 11:45:00,2025,NSE-BANKNIFTY,VP_TRAIL_SWING,LONG,57230.4,57230.4,56583.34,57370.0,-60.0,-1840.0,0,BREAKEVEN,0.8333,30,75000,374.43,647.06,139.6,57540.0,57120.0,57370.0,312.0,full,,0,neutral,True,1.0,-0.3,0.9,IS
2025-07-18,2025-07-18 11:15:00,2025-07-18 15:15:00,2025,NSE-BANKNIFTY,VP_TRAIL_SWING,LONG,56481.6,56354.2,56135.19,57250.0,-187.4,-5662.0,0,SQUARE OFF,1.0,30,75000,383.01,346.41,768.4,57460.0,57040.0,57250.0,675.0,full,,0,neutral,True,1.0,-0.41,0.9,IS
2025-07-21,2025-07-21 10:45:00,2025-07-22 09:30:00,2025,NSE-BANKNIFTY,VP_TRAIL_SWING,LONG,56858.6,56982.99,56473.31,57250.0,64.39,1891.57,1,BREAKEVEN,0.7197,30,75000,394.03,385.29,391.4,57500.0,57000.0,57250.0,283.6,full,,1,neutral,True,0.5,-0.94,0.45,IS
2025-07-23,2025-07-23 10:30:00,2025-07-23 14:45:00,2025,NSE-BANKNIFTY,VP_TRAIL_SWING,LONG,56890.0,57250.0,56514.11,57250.0,300.0,8960.0,1,TARGET HIT,0.3985,30,75000,406.49,375.89,360.0,57460.0,56920.0,57250.0,162.0,full,,0,neutral,True,0.5,-0.87,0.45,IS
2025-07-25,2025-07-25 13:45:00,2025-07-25 15:15:00,2025,NSE-BANKNIFTY,VP_TRAIL_SWING,LONG,56651.2,56555.0,56255.78,57250.0,-156.2,-4726.0,0,SQUARE OFF,0.8675,30,75000,425.37,395.42,598.8,57420.0,56880.0,57250.0,369.0,full,,0,neutral,True,1.0,0.33,0.9,IS
2025-07-28,2025-07-28 10:15:00,2025-07-28 12:45:00,2025,NSE-BANKNIFTY,VP_TRAIL_SWING,LONG,56650.0,56335.97,56181.26,57250.0,-374.03,-11260.86,0,TRAIL STOP,0.9717,30,75000,444.57,468.74,600.0,57420.0,56880.0,57250.0,432.0,full,,0,neutral,True,1.0,0.33,0.9,IS
2025-07-31,2025-07-31 11:15:00,2025-07-31 14:45:00,2025,NSE-BANKNIFTY,VP_TRAIL_SWING,LONG,55918.0,56083.89,55389.91,57250.0,105.89,3136.79,1,TRAIL STOP,1.0,30,75000,488.14,528.09,1332.0,57460.0,56800.0,57250.0,1117.2,full,,0,neutral,True,0.5,-1.81,0.45,IS
2025-08-18,2025-08-18 11:00:00,2025-08-19 11:30:00,2025,NSE-BANKNIFTY,VP_TRAIL_SWING,SHORT,56046.0,55946.79,56501.7,55430.0,39.21,1136.25,1,BREAKEVEN,1.0,30,75000,447.58,455.7,616.0,55680.0,55260.0,55430.0,545.0,full,,1,neutral,True,1.0,-0.6,0.9,IS
2025-08-22,2025-08-22 10:00:00,2025-08-22 10:15:00,2025,NSE-BANKNIFTY,VP_TRAIL_SWING,SHORT,55470.2,55430.0,56232.91,55430.0,-19.8,-634.0,0,TARGET HIT,0.3314,30,75000,421.86,762.71,40.2,55840.0,55300.0,55430.0,139.8,full,,0,neutral,True,0.5,0.76,0.45,IS
2025-09-09,2025-09-09 10:00:00,2025-09-09 10:15:00,2025,NSE-BANKNIFTY,VP_TRAIL_SWING,SHORT,54437.0,54390.0,54882.14,54390.0,-13.0,-430.0,0,TARGET HIT,0.3297,30,75000,432.58,445.14,47.0,54480.0,54060.0,54390.0,142.6,full,,0,neutral,True,1.0,0.24,0.9,IS
2025-09-24,2025-09-24 11:00:00,2025-09-24 15:15:00,2025,NSE-BANKNIFTY,VP_TRAIL_SWING,SHORT,55240.8,55252.0,55649.35,54410.0,-71.2,-2176.0,0,SQUARE OFF,0.8405,30,75000,353.59,408.55,830.8,55140.0,54000.0,54410.0,297.2,full,,0,neutral,True,0.5,0.72,0.45,IS
2025-09-25,2025-09-25 11:45:00,2025-09-25 13:00:00,2025,NSE-BANKNIFTY,VP_TRAIL_SWING,SHORT,55221.0,55433.61,55555.29,54410.0,-272.61,-8218.32,0,TRAIL STOP,0.3724,30,75000,344.81,334.29,811.0,55220.0,54000.0,54410.0,128.4,full,,0,neutral,True,1.0,-0.81,0.9,IS
2025-11-07,2025-11-07 10:30:00,2025-11-07 12:45:00,2025,NSE-BANKNIFTY,VP_TRAIL_SWING,LONG,57787.8,58150.0,57268.41,58150.0,302.2,9026.0,1,TARGET HIT,1.0,30,75000,452.66,519.39,362.2,58440.0,58100.0,58150.0,560.0,full,,0,neutral,True,0.5,-1.53,0.45,IS
2025-11-11,2025-11-11 11:30:00,2025-11-11 11:45:00,2025,NSE-BANKNIFTY,VP_TRAIL_SWING,LONG,58039.2,58039.2,57600.36,58150.0,-60.0,-1840.0,0,BREAKEVEN,0.5449,30,75000,436.4,438.84,110.8,58440.0,58100.0,58150.0,237.8,full,,0,neutral,True,1.0,0.05,0.9,IS
2025-11-25,2025-11-25 10:45:00,2025-11-25 14:00:00,2025,NSE-BANKNIFTY,VP_TRAIL_SWING,SHORT,58801.0,59065.75,59318.8,58150.0,-324.75,-9782.5,0,TRAIL STOP,0.8499,30,75000,413.0,517.8,651.0,58720.0,58060.0,58150.0,351.0,full,,0,neutral,True,1.0,-0.49,0.9,IS
2025-12-03,2025-12-03 11:30:00,2025-12-04 09:15:00,2025,NSE-BANKNIFTY,VP_TRAIL_SWING,LONG,59493.6,59580.87,59058.44,59810.0,27.27,778.14,1,BREAKEVEN,0.9488,30,75000,427.06,435.16,316.4,60100.0,59720.0,59810.0,405.2,full,,1,neutral,True,1.0,1.46,0.9,IS
2025-12-09,2025-12-09 10:15:00,2025-12-10 09:15:00,2025,NSE-BANKNIFTY,VP_TRAIL_SWING,LONG,59431.6,59442.29,58955.28,59770.0,-49.31,-1519.27,0,BREAKEVEN,0.8485,30,75000,475.42,476.32,338.4,60060.0,59640.0,59770.0,403.4,full,,1,neutral,True,0.5,-0.7,0.45,IS
2025-12-10,2025-12-10 13:15:00,2025-12-10 14:30:00,2025,NSE-BANKNIFTY,VP_TRAIL_SWING,LONG,59359.6,59226.4,58884.75,59770.0,-193.2,-5836.0,0,EARLY CUT,0.9045,30,75000,475.42,474.85,410.4,60060.0,59600.0,59770.0,430.0,full,,0,neutral,True,1.0,-0.25,0.9,IS
2025-12-18,2025-12-18 10:00:00,2025-12-18 15:15:00,2025,NSE-BANKNIFTY,VP_TRAIL_SWING,LONG,59142.6,59079.4,58700.62,59650.0,-123.2,-3736.0,0,SQUARE OFF,0.8131,30,75000,466.63,441.98,507.4,59860.0,59360.0,59650.0,379.4,full,,0,neutral,True,1.0,-0.04,0.9,IS
2025-12-30,2025-12-30 10:15:00,2025-12-31 09:15:00,2025,NSE-BANKNIFTY,VP_TRAIL_SWING,LONG,59019.8,59590.0,58624.98,59450.0,510.2,15266.0,1,CONTRACT ROLL,1.0,30,75000,300.0,394.82,430.2,59820.0,59240.0,59450.0,404.2,full,,0,neutral,True,1.0,-0.46,0.9,IS
2026-01-27,2026-01-27 11:15:00,2026-01-28 09:15:00,2026,NSE-BANKNIFTY,VP_TRAIL_SWING,LONG,58630.6,59750.0,57999.91,59770.0,1059.4,31742.0,1,CONTRACT ROLL,1.0,30,75000,300.0,630.69,1139.4,60420.0,59360.0,59770.0,991.8,full,,0,neutral,True,0.5,-2.89,0.45,OOS
2026-03-02,2026-03-02 11:00:00,2026-03-02 12:30:00,2026,NSE-BANKNIFTY,VP_TRAIL_SWING,LONG,60253.2,60068.8,59961.0,61250.0,-244.4,-7372.0,0,TRAIL STOP,1.0,30,75000,300.0,292.2,996.8,61620.0,60840.0,61250.0,699.0,full,,0,neutral,True,1.0,-0.48,0.9,OOS
2026-03-04,2026-03-04 13:00:00,2026-03-05 11:45:00,2026,NSE-BANKNIFTY,VP_TRAIL_SWING,LONG,59090.0,59102.53,58485.51,61250.0,-47.47,-1464.0,0,TRAIL STOP,1.0,30,75000,634.53,604.49,2160.0,61660.0,60100.0,61250.0,1253.6,full,,1,neutral,True,0.5,-1.57,0.45,OOS
2026-04-15,2026-04-15 11:00:00,2026-04-15 14:30:00,2026,NSE-BANKNIFTY,VP_TRAIL_SWING,SHORT,56282.0,56420.0,57425.92,55970.0,-198.0,-5980.0,0,EARLY CUT,0.6125,30,75000,1126.53,1143.92,312.0,56060.0,55040.0,55970.0,690.0,sub,2026-04-08,0,neutral,True,0.5,5.41,0.45,OOS
2026-05-05,2026-05-05 11:00:00,2026-05-05 11:15:00,2026,NSE-BANKNIFTY,VP_TRAIL_SWING,LONG,54645.0,54645.0,54345.0,54790.0,-60.0,-1840.0,0,BREAKEVEN,0.3167,30,75000,300.0,300.0,145.0,55760.0,54620.0,54790.0,95.0,full,,0,neutral,True,0.5,-1.91,0.45,OOS
2026-05-05,2026-05-05 12:00:00,2026-05-05 12:15:00,2026,NSE-BANKNIFTY,VP_TRAIL_SWING,LONG,54577.0,54577.0,54250.0,54790.0,-60.0,-1840.0,0,BREAKEVEN,0.3667,30,75000,300.0,327.0,213.0,55760.0,54540.0,54790.0,110.0,full,,0,neutral,True,0.5,-1.91,0.45,OOS
2022-01-07,2022-01-07 11:45:00,2022-01-07 15:15:00,2022,NSE-NIFTY,VP_TRAIL_SWING,SHORT,17833.1,17855.0,17986.66,17425.78,-41.9,-1087.5,0,SQUARE OFF,0.4726,25,55000,188.31,153.56,407.32,17860.0,17200.0,17290.0,89.0,full,,0,neutral,True,0.5,2.98,0.45,IS
2022-01-27,2022-01-27 13:00:00,2022-01-28 09:15:00,2022,NSE-NIFTY,VP_TRAIL_SWING,LONG,17008.7,17200.0,16814.85,17219.67,171.3,4242.5,1,CONTRACT ROLL,0.1933,25,55000,300.0,193.85,210.97,17980.0,16920.0,17290.0,58.0,full,,0,neutral,True,0.5,-4.7,0.45,IS
2022-02-08,2022-02-08 11:45:00,2022-02-09 14:45:00,2022,NSE-NIFTY,VP_TRAIL_SWING,LONG,17189.45,17474.86,16995.93,17474.86,265.41,6595.31,1,TARGET HIT,0.6071,25,55000,250.06,193.52,285.41,17660.0,17200.0,17570.0,151.8,full,,1,neutral,True,0.5,-0.89,0.45,IS
2022-02-15,2022-02-15 11:30:00,2022-02-15 14:00:00,2022,NSE-NIFTY,VP_TRAIL_SWING,LONG,16998.75,17277.19,16782.77,17277.19,258.44,6420.94,1,TARGET HIT,1.0,25,55000,271.14,215.98,278.44,17660.0,17160.0,17370.0,323.0,full,,0,neutral,True,0.5,-2.35,0.45,IS
2022-02-21,2022-02-21 11:30:00,2022-02-21 13:00:00,2022,NSE-NIFTY,VP_TRAIL_SWING,LONG,17269.25,17344.81,17052.84,17344.81,55.56,1349.06,1,TARGET HIT,0.2185,25,55000,256.06,216.41,75.56,17620.0,17160.0,17370.0,55.95,full,,0,neutral,True,1.0,-0.26,0.9,IS
2022-03-04,2022-03-04 12:30:00,2022-03-04 14:00:00,2022,NSE-NIFTY,VP_TRAIL_SWING,LONG,16346.0,16346.0,16086.64,16574.0,-20.0,-540.0,0,BREAKEVEN,1.0,25,55000,326.81,259.36,228.0,16740.0,16480.0,16650.0,328.0,full,,0,neutral,True,0.5,-3.17,0.45,IS
2022-03-07,2022-03-07 11:30:00,2022-03-07 14:15:00,2022,NSE-NIFTY,VP_TRAIL_SWING,LONG,15920.2,15722.98,15694.5,16467.55,-217.23,-5470.63,0,TRAIL STOP,1.0,25,55000,313.5,225.7,547.35,16780.0,16360.0,16650.0,602.8,full,,0,neutral,True,1.0,0.1,0.9,IS
2022-03-08,2022-03-08 13:45:00,2022-03-10 09:15:00,2022,NSE-NIFTY,VP_TRAIL_SWING,LONG,15861.6,16452.9,15612.42,16452.9,571.3,14242.5,1,TARGET HIT,1.0,25,55000,333.61,249.18,591.3,16820.0,16160.0,16650.0,483.65,full,,2,neutral,True,0.5,-4.64,0.45,IS
2022-03-23,2022-03-23 12:30:00,2022-03-23 15:15:00,2022,NSE-NIFTY,VP_TRAIL_SWING,SHORT,17247.7,17256.95,17468.7,16799.42,-29.25,-771.25,0,SQUARE OFF,1.0,25,55000,295.49,221.0,448.28,17020.0,15880.0,16650.0,389.6,full,,0,neutral,True,0.5,2.79,0.45,IS
2022-03-24,2022-03-24 12:15:00,2022-03-24 15:15:00,2022,NSE-NIFTY,VP_TRAIL_SWING,SHORT,17181.75,17215.0,17396.72,16782.94,-53.25,-1371.25,0,SQUARE OFF,1.0,25,55000,288.58,214.97,398.81,17020.0,15840.0,16650.0,319.0,full,,0,neutral,True,0.5,3.65,0.45,IS
2022-04-07,2022-04-07 12:15:00,2022-04-07 15:15:00,2022,NSE-NIFTY,VP_TRAIL_SWING,LONG,17854.15,17742.0,17688.69,18031.04,-132.15,-3343.75,0,SQUARE OFF,0.108,25,55000,231.54,165.46,176.89,18140.0,17760.0,18090.0,25.0,full,,0,neutral,True,1.0,2.1,0.9,IS
2022-04-08,2022-04-08 12:00:00,2022-04-11 09:15:00,2022,NSE-NIFTY,VP_TRAIL_SWING,LONG,17795.75,17831.53,17608.09,18016.44,15.78,354.46,1,BREAKEVEN,0.2812,25,55000,226.54,187.66,220.69,18140.0,17720.0,18090.0,63.7,full,,1,neutral,True,1.0,1.59,0.9,IS
2022-04-20,2022-04-20 12:45:00,2022-04-20 15:15:00,2022,NSE-NIFTY,VP_TRAIL_SWING,LONG,17208.4,17172.9,17038.97,17614.6,-55.5,-1427.5,0,SQUARE OFF,1.0,25,55000,235.39,169.43,406.2,18120.0,17500.0,17750.0,413.95,full,,0,neutral,True,0.5,-5.5,0.45,IS
2022-06-08,2022-06-08 10:30:00,2022-06-08 10:45:00,2022,NSE-NIFTY,VP_TRAIL_SWING,LONG,16522.7,16522.7,16272.17,16573.17,-20.0,-540.0,0,BREAKEVEN,0.5815,25,55000,189.16,250.53,50.47,16680.0,16420.0,16590.0,110.0,full,,0,neutral,True,0.5,-0.9,0.45,IS
2022-08-18,2022-08-18 11:15:00,2022-08-18 15:00:00,2022,NSE-NIFTY,VP_TRAIL_SWING,SHORT,17883.0,17982.5,18002.77,17453.25,-119.5,-3027.4,0,TRAIL STOP,1.0,25,55000,164.86,119.77,429.75,17600.0,17100.0,17310.0,369.8,full,,0,neutral,True,0.5,2.31,0.45,IS
2022-08-19,2022-08-19 11:00:00,2022-08-23 09:15:00,2022,NSE-NIFTY,VP_TRAIL_SWING,SHORT,17878.65,17452.16,18006.83,17452.16,406.49,10122.19,1,TARGET HIT,1.0,25,55000,180.62,128.18,426.49,17700.0,17060.0,17310.0,272.25,full,,2,neutral,True,0.5,2.56,0.45,IS
2022-09-15,2022-09-15 11:00:00,2022-09-16 09:15:00,2022,NSE-NIFTY,VP_TRAIL_SWING,SHORT,17890.35,17740.09,18031.53,17740.09,130.26,3216.56,1,TARGET HIT,0.2507,25,55000,207.38,141.18,150.26,17940.0,17520.0,17690.0,52.0,full,,1,neutral,True,0.5,2.06,0.45,IS
2022-09-26,2022-09-26 12:30:00,2022-09-26 15:00:00,2022,NSE-NIFTY,VP_TRAIL_SWING,LONG,17145.2,17024.89,16992.49,17538.8,-140.31,-3547.77,0,TRAIL STOP,1.0,25,55000,206.81,152.71,393.6,17960.0,17540.0,17670.0,506.15,full,,0,neutral,True,0.5,-1.28,0.45,IS
2022-10-25,2022-10-25 11:30:00,2022-10-27 09:15:00,2022,NSE-NIFTY,VP_TRAIL_SWING,SHORT,17674.95,17674.95,17809.22,17386.24,-20.0,-540.0,0,TRAIL STOP,1.0,25,55000,174.66,134.27,288.71,17420.0,16920.0,17290.0,354.0,full,,1,neutral,True,0.5,2.12,0.45,IS
2022-12-01,2022-12-01 13:45:00,2022-12-01 15:15:00,2022,NSE-NIFTY,VP_TRAIL_SWING,SHORT,18905.0,18946.2,19013.79,18773.75,-61.2,-1570.0,0,SQUARE OFF,1.0,25,55000,136.68,108.79,131.25,18820.0,18600.0,18730.0,166.45,full,,0,neutral,True,0.5,3.4,0.45,IS
2022-12-16,2022-12-16 12:15:00,2022-12-16 14:00:00,2022,NSE-NIFTY,VP_TRAIL_SWING,LONG,18447.55,18366.02,18294.92,18659.39,-101.53,-2578.35,0,TRAIL STOP,1.0,25,55000,160.38,152.63,211.84,18820.0,18560.0,18730.0,233.0,full,,0,neutral,True,0.5,-1.49,0.45,IS
2022-12-20,2022-12-20 12:30:00,2022-12-21 09:45:00,2022,NSE-NIFTY,VP_TRAIL_SWING,LONG,18319.5,18424.03,18198.17,18627.38,84.53,2073.13,1,BREAKEVEN,1.0,25,55000,181.75,121.33,307.88,18860.0,18480.0,18730.0,248.1,full,,1,neutral,True,0.5,-0.57,0.45,IS
2023-02-01,2023-02-01 13:15:00,2023-02-01 13:30:00,2023,NSE-NIFTY,VP_TRAIL_SWING,SHORT,17902.75,17902.75,18123.95,17758.19,-20.0,-540.0,0,BREAKEVEN,0.6132,25,55000,300.0,221.2,144.56,17880.0,17620.0,17710.0,183.95,full,,0,neutral,True,1.0,-1.96,0.9,IS
2023-03-09,2023-03-09 13:30:00,2023-03-10 09:15:00,2023,NSE-NIFTY,VP_TRAIL_SWING,SHORT,17667.0,17504.25,17804.17,17504.25,142.75,3528.75,1,TARGET HIT,0.4215,25,55000,166.07,137.17,162.75,17700.0,17360.0,17450.0,70.0,full,,1,neutral,True,0.5,2.26,0.45,IS
2023-03-14,2023-03-14 12:15:00,2023-03-14 12:45:00,2023,NSE-NIFTY,VP_TRAIL_SWING,LONG,17222.15,17122.49,17066.96,17393.04,-119.66,-3031.41,0,TRAIL STOP,1.0,25,55000,190.21,155.19,170.89,17740.0,17360.0,17450.0,255.0,full,,0,neutral,True,0.5,-2.5,0.45,IS
2023-03-16,2023-03-16 10:30:00,2023-03-17 10:00:00,2023,NSE-NIFTY,VP_TRAIL_SWING,LONG,17055.4,17105.21,16883.06,17351.35,29.81,705.18,1,TRAIL STOP,1.0,25,55000,196.09,172.34,295.95,17860.0,17360.0,17450.0,437.7,full,,1,neutral,True,0.5,-4.33,0.45,IS
2023-03-17,2023-03-17 13:45:00,2023-03-20 09:15:00,2023,NSE-NIFTY,VP_TRAIL_SWING,LONG,17149.95,17149.95,16980.83,17374.99,-20.0,-540.0,0,TRAIL STOP,0.8913,25,55000,201.89,169.12,225.04,17860.0,17200.0,17450.0,179.95,full,,1,neutral,True,0.5,-3.22,0.45,IS
2023-03-21,2023-03-21 13:45:00,2023-03-22 10:30:00,2023,NSE-NIFTY,VP_TRAIL_SWING,LONG,17162.6,17162.6,17021.44,17378.15,-20.0,-540.0,0,TRAIL STOP,0.3023,25,55000,195.15,141.15,215.55,17860.0,17120.0,17450.0,59.0,full,,1,neutral,True,0.5,-1.06,0.45,IS
2023-04-11,2023-04-11 12:00:00,2023-04-11 15:15:00,2023,NSE-NIFTY,VP_TRAIL_SWING,SHORT,17735.4,17789.1,17835.89,17506.35,-73.7,-1882.5,0,SQUARE OFF,0.9748,25,55000,132.7,100.49,229.05,17680.0,17300.0,17430.0,129.35,full,,0,neutral,True,0.5,3.49,0.45,IS
2023-04-13,2023-04-13 11:00:00,2023-04-13 14:45:00,2023,NSE-NIFTY,VP_TRAIL_SWING,SHORT,17790.0,17869.92,17878.71,17520.0,-99.92,-2538.05,0,TRAIL STOP,0.738,25,55000,126.56,88.71,270.0,17760.0,17300.0,17430.0,93.4,full,,0,neutral,True,0.5,2.22,0.45,IS
2023-05-19,2023-05-19 12:00:00,2023-05-19 14:30:00,2023,NSE-NIFTY,VP_TRAIL_SWING,LONG,18165.55,18213.89,18055.95,18213.89,28.34,668.44,1,TARGET HIT,0.3983,25,55000,140.49,109.6,48.34,18360.0,18140.0,18230.0,55.95,full,,0,neutral,True,0.5,-0.96,0.45,IS
2023-06-08,2023-06-08 11:30:00,2023-06-09 09:45:00,2023,NSE-NIFTY,VP_TRAIL_SWING,SHORT,18785.4,18729.1,18863.37,18668.85,36.3,867.56,1,BREAKEVEN,1.0,25,55000,108.2,77.97,116.55,18720.0,18540.0,18630.0,122.0,full,,1,neutral,True,0.5,0.95,0.45,IS
2023-06-15,2023-06-15 11:00:00,2023-06-16 09:15:00,2023,NSE-NIFTY,VP_TRAIL_SWING,SHORT,18818.15,18787.7,18887.18,18677.04,10.45,221.25,1,BREAKEVEN,0.6332,25,55000,106.6,69.03,141.11,18800.0,18580.0,18630.0,67.5,full,,1,neutral,True,1.0,0.05,0.9,IS
2023-06-19,2023-06-19 11:45:00,2023-06-19 15:15:00,2023,NSE-NIFTY,VP_TRAIL_SWING,SHORT,18839.25,18842.0,18921.73,18682.31,-22.75,-608.75,0,SQUARE OFF,0.5438,25,55000,109.88,82.48,156.94,18840.0,18620.0,18630.0,59.75,full,,0,neutral,True,0.5,1.41,0.45,IS
2023-06-21,2023-06-21 11:00:00,2023-06-21 15:15:00,2023,NSE-NIFTY,VP_TRAIL_SWING,SHORT,18834.3,18895.05,18931.07,18681.08,-80.75,-2058.75,0,SQUARE OFF,0.6142,25,55000,111.86,96.77,153.22,18840.0,18620.0,18630.0,68.7,full,,0,neutral,True,0.5,0.54,0.45,IS
2023-06-22,2023-06-22 11:15:00,2023-06-22 13:30:00,2023,NSE-NIFTY,VP_TRAIL_SWING,SHORT,18863.4,18885.82,18943.02,18688.35,-42.42,-1100.47,0,TRAIL STOP,0.7212,25,55000,111.83,79.62,175.05,18840.0,18580.0,18630.0,80.65,full,,0,neutral,True,1.0,0.48,0.9,IS
2023-07-18,2023-07-18 11:30:00,2023-07-18 15:15:00,2023,NSE-NIFTY,VP_TRAIL_SWING,SHORT,19724.0,19772.15,19851.45,19563.5,-68.15,-1743.75,0,SQUARE OFF,1.0,25,55000,132.77,127.45,160.5,19560.0,19380.0,19510.0,264.9,full,,0,neutral,True,0.5,1.57,0.45,IS
2023-07-19,2023-07-19 11:00:00,2023-07-19 15:00:00,2023,NSE-NIFTY,VP_TRAIL_SWING,SHORT,19763.0,19846.05,19865.41,19573.25,-103.05,-2616.34,0,TRAIL STOP,1.0,25,55000,132.07,102.41,189.75,19600.0,19380.0,19510.0,239.0,full,,0,neutral,True,0.5,1.31,0.45,IS
2023-07-21,2023-07-21 11:00:00,2023-07-21 15:15:00,2023,NSE-NIFTY,VP_TRAIL_SWING,SHORT,19803.95,19806.55,19909.88,19583.49,-22.6,-605.0,0,SQUARE OFF,0.9068,25,55000,135.41,105.93,220.46,19760.0,19340.0,19510.0,122.8,full,,0,neutral,True,0.5,2.41,0.45,IS
2023-08-16,2023-08-16 13:00:00,2023-08-17 09:15:00,2023,NSE-NIFTY,VP_TRAIL_SWING,LONG,19462.0,19462.0,19354.55,19558.0,-20.0,-540.0,0,TRAIL STOP,0.2424,25,55000,146.43,107.45,96.0,19720.0,19420.0,19590.0,35.5,full,,1,neutral,True,0.5,-1.0,0.45,IS
2023-08-25,2023-08-25 11:15:00,2023-08-25 15:15:00,2023,NSE-NIFTY,VP_TRAIL_SWING,LONG,19298.0,19219.5,19199.87,19382.0,-98.5,-2502.52,0,TRAIL STOP,1.0,25,55000,128.67,98.13,84.0,19660.0,19360.0,19410.0,134.4,full,,0,neutral,True,1.0,0.03,0.9,IS
2023-09-12,2023-09-12 12:30:00,2023-09-12 15:15:00,2023,NSE-NIFTY,VP_TRAIL_SWING,SHORT,20014.2,20046.3,20121.01,19711.05,-52.1,-1342.5,0,SQUARE OFF,0.8176,25,55000,138.58,106.81,303.15,19980.0,19480.0,19610.0,113.3,full,,0,neutral,True,0.5,2.23,0.45,IS
2023-10-18,2023-10-18 10:45:00,2023-10-19 09:15:00,2023,NSE-NIFTY,VP_TRAIL_SWING,SHORT,19777.1,19621.78,19868.67,19621.78,135.32,3343.12,1,TARGET HIT,0.2081,25,55000,120.11,91.57,155.32,19820.0,19520.0,19570.0,25.0,full,,1,neutral,True,1.0,0.32,0.9,IS
2023-12-20,2023-12-20 12:15:00,2023-12-20 15:15:00,2023,NSE-NIFTY,VP_TRAIL_SWING,SHORT,21588.15,21169.54,21714.93,21169.54,398.61,9925.31,1,TARGET HIT,1.0,25,55000,174.64,126.78,418.61,21340.0,20320.0,21030.0,340.0,full,,0,neutral,True,0.5,2.47,0.45,IS
2024-01-16,2024-01-16 13:00:00,2024-01-17 09:15:00,2024,NSE-NIFTY,VP_TRAIL_SWING,SHORT,22027.25,21834.31,22175.8,21834.31,172.94,4283.44,1,TARGET HIT,1.0,25,55000,196.32,148.55,192.94,21860.0,21560.0,21770.0,278.0,full,,1,neutral,True,0.5,2.65,0.45,IS
2024-01-18,2024-01-18 10:15:00,2024-01-19 09:30:00,2024,NSE-NIFTY,VP_TRAIL_SWING,LONG,21437.05,21686.76,21277.63,21686.76,229.71,5702.81,1,TARGET HIT,1.0,25,55000,200.76,159.42,249.71,21900.0,21560.0,21770.0,241.0,full,,1,neutral,True,0.5,-0.63,0.45,IS
2024-02-02,2024-02-02 12:30:00,2024-02-02 14:30:00,2024,NSE-NIFTY,VP_TRAIL_SWING,SHORT,22030.2,22030.2,22255.99,21850.05,-20.0,-540.0,0,BREAKEVEN,1.0,25,55000,285.72,225.79,180.15,21880.0,21660.0,21790.0,318.85,full,,0,neutral,True,0.5,1.17,0.45,IS
2024-02-28,2024-02-28 10:45:00,2024-02-29 09:45:00,2024,NSE-NIFTY,VP_TRAIL_SWING,SHORT,22056.75,21998.88,22270.12,21871.69,37.87,906.83,1,BREAKEVEN,0.3775,25,55000,225.15,213.37,185.06,22140.0,21720.0,21810.0,85.0,full,,1,neutral,True,1.0,-0.17,0.9,IS
2024-03-14,2024-03-14 11:30:00,2024-03-14 15:15:00,2024,NSE-NIFTY,VP_TRAIL_SWING,LONG,22291.5,22250.0,22074.05,22395.38,-61.5,-1577.5,0,SQUARE OFF,1.0,25,55000,215.78,217.45,103.88,22600.0,22340.0,22430.0,222.8,full,,0,neutral,True,0.5,-1.61,0.45,IS
2024-03-15,2024-03-15 13:30:00,2024-03-18 09:15:00,2024,NSE-NIFTY,VP_TRAIL_SWING,LONG,22108.7,22108.7,21957.26,22349.67,-20.0,-540.0,0,TRAIL STOP,1.0,25,55000,212.66,151.44,240.97,22600.0,22260.0,22430.0,260.0,full,,1,neutral,True,0.5,-1.53,0.45,IS
2024-03-18,2024-03-18 12:15:00,2024-03-18 15:15:00,2024,NSE-NIFTY,VP_TRAIL_SWING,LONG,22173.9,22134.0,21975.72,22365.97,-59.9,-1537.5,0,SQUARE OFF,0.7606,25,55000,212.66,198.18,192.07,22600.0,22180.0,22430.0,161.75,full,,0,neutral,True,0.5,-1.85,0.45,IS
2024-03-20,2024-03-20 11:30:00,2024-03-20 15:15:00,2024,NSE-NIFTY,VP_TRAIL_SWING,LONG,21933.0,21917.0,21755.64,22305.75,-36.0,-940.0,0,SQUARE OFF,1.0,25,55000,212.05,177.36,372.75,22600.0,22100.0,22430.0,301.95,full,,0,neutral,True,0.5,-2.47,0.45,IS
2024-04-15,2024-04-15 10:45:00,2024-04-15 13:00:00,2024,NSE-NIFTY,VP_TRAIL_SWING,LONG,22515.4,22404.32,22404.32,22586.35,-131.08,-3317.05,0,TRAIL STOP,0.038,25,55000,149.91,111.08,70.95,22740.0,22440.0,22610.0,5.7,full,,0,neutral,True,1.0,-0.16,0.9,IS
2024-04-18,2024-04-18 11:00:00,2024-04-18 13:15:00,2024,NSE-NIFTY,VP_TRAIL_SWING,LONG,22294.0,22221.0,22137.49,22531.0,-93.0,-2365.0,0,TRAIL STOP,1.0,25,55000,162.53,156.51,237.0,22780.0,22440.0,22610.0,270.0,full,,0,neutral,True,0.5,-2.38,0.45,IS
2024-04-19,2024-04-19 13:45:00,2024-04-19 15:15:00,2024,NSE-NIFTY,VP_TRAIL_SWING,LONG,22125.0,22123.0,21924.93,22488.75,-22.0,-590.0,0,SQUARE OFF,1.0,25,55000,177.36,200.07,363.75,22860.0,22280.0,22610.0,319.6,full,,0,neutral,True,0.5,-2.88,0.45,IS
2024-04-22,2024-04-22 11:45:00,2024-04-23 09:45:00,2024,NSE-NIFTY,VP_TRAIL_SWING,LONG,22297.85,22359.08,22162.72,22531.96,41.23,990.71,1,BREAKEVEN,0.0073,25,55000,177.84,135.13,234.11,22860.0,22200.0,22610.0,1.3,full,,1,neutral,True,0.5,-2.97,0.45,IS
2024-05-08,2024-05-08 11:45:00,2024-05-08 12:30:00,2024,NSE-NIFTY,VP_TRAIL_SWING,LONG,22429.4,22429.4,22245.42,22519.85,-20.0,-540.0,0,BREAKEVEN,1.0,25,55000,215.64,183.98,90.45,22840.0,22540.0,22550.0,251.45,full,,0,neutral,True,0.5,-1.63,0.45,IS
2024-05-13,2024-05-13 11:15:00,2024-05-15 10:00:00,2024,NSE-NIFTY,VP_TRAIL_SWING,LONG,22025.0,22262.57,21853.35,22418.75,217.57,5399.23,1,BREAKEVEN,1.0,25,55000,225.76,171.65,393.75,22840.0,22300.0,22550.0,400.0,full,,2,neutral,True,0.5,-1.88,0.45,IS
2024-06-05,2024-06-05 10:30:00,2024-06-05 11:45:00,2024,NSE-NIFTY,VP_TRAIL_SWING,LONG,22105.45,22274.0,21859.8,22543.86,148.55,3673.75,1,BREAKEVEN,0.534,25,55000,300.0,245.65,438.41,23860.0,22080.0,22690.0,160.2,full,,0,neutral,True,0.5,-4.14,0.45,IS
2024-06-27,2024-06-27 10:30:00,2024-06-27 12:00:00,2024,NSE-NIFTY,VP_TRAIL_SWING,SHORT,23864.4,24008.03,24032.67,23628.6,-163.63,-4130.78,0,TRAIL STOP,0.5155,25,55000,213.37,168.27,235.8,23880.0,22660.0,23550.0,110.0,full,,0,neutral,True,0.5,1.55,0.45,IS
2024-07-04,2024-07-04 10:45:00,2024-07-05 09:15:00,2024,NSE-NIFTY,VP_TRAIL_SWING,SHORT,24382.0,24329.91,24481.27,24253.0,32.09,762.19,1,BREAKEVEN,1.0,25,55000,139.73,99.27,129.0,24300.0,24080.0,24210.0,154.9,full,,1,neutral,True,0.5,2.11,0.45,IS
2024-07-18,2024-07-18 10:45:00,2024-07-18 12:00:00,2024,NSE-NIFTY,VP_TRAIL_SWING,SHORT,24613.75,24613.75,24733.4,24415.94,-20.0,-540.0,0,BREAKEVEN,1.0,25,55000,167.26,119.65,197.81,24480.0,24140.0,24350.0,219.95,full,,0,neutral,True,0.5,0.67,0.45,IS
2024-07-19,2024-07-19 11:30:00,2024-07-22 09:15:00,2024,NSE-NIFTY,VP_TRAIL_SWING,SHORT,24633.4,24420.85,24772.74,24420.85,192.55,4773.75,1,TARGET HIT,0.9424,25,55000,187.29,139.34,212.55,24560.0,24140.0,24350.0,176.5,full,,1,neutral,True,0.5,1.92,0.45,IS
2024-07-22,2024-07-22 12:15:00,2024-07-22 15:15:00,2024,NSE-NIFTY,VP_TRAIL_SWING,SHORT,24497.9,24517.65,24644.86,24386.97,-39.75,-1033.75,0,SQUARE OFF,0.2531,25,55000,187.29,146.96,110.93,24560.0,24140.0,24350.0,47.4,full,,0,neutral,True,0.5,0.51,0.45,IS
2024-07-23,2024-07-23 13:00:00,2024-07-23 13:15:00,2024,NSE-NIFTY,VP_TRAIL_SWING,LONG,24255.8,24255.8,24023.73,24326.45,-20.0,-540.0,0,BREAKEVEN,0.7286,25,55000,211.36,232.07,70.65,24640.0,24220.0,24350.0,154.0,full,,0,neutral,True,1.0,-0.05,0.9,IS
2024-08-05,2024-08-05 13:30:00,2024-08-05 15:15:00,2024,NSE-NIFTY,VP_TRAIL_SWING,LONG,24115.0,24096.0,23891.33,24786.25,-39.0,-1015.0,0,SQUARE OFF,1.0,25,55000,293.33,223.67,671.25,25140.0,24600.0,25010.0,650.0,full,,0,neutral,True,0.5,-0.86,0.45,IS
2024-09-06,2024-09-06 10:15:00,2024-09-06 13:00:00,2024,NSE-NIFTY,VP_TRAIL_SWING,LONG,25020.0,24901.46,24901.46,25267.5,-138.54,-3503.5,0,TRAIL STOP,1.0,25,55000,167.95,118.54,247.5,25400.0,25180.0,25350.0,244.95,full,,0,neutral,True,1.0,0.31,0.9,IS
2024-09-09,2024-09-09 13:15:00,2024-09-10 09:45:00,2024,NSE-NIFTY,VP_TRAIL_SWING,LONG,24975.7,24975.7,24854.38,25256.42,-20.0,-540.0,0,TRAIL STOP,0.7273,25,55000,180.88,121.32,280.72,25440.0,25020.0,25350.0,131.55,full,,1,neutral,True,0.5,-1.93,0.45,IS
2024-09-10,2024-09-10 11:00:00,2024-09-11 09:15:00,2024,NSE-NIFTY,VP_TRAIL_SWING,LONG,25019.45,25080.47,24883.33,25267.36,41.02,985.49,1,BREAKEVEN,0.3234,25,55000,187.06,136.12,247.91,25440.0,24980.0,25350.0,60.5,full,,1,neutral,True,0.5,-1.36,0.45,IS
2024-09-19,2024-09-19 11:15:00,2024-09-19 11:30:00,2024,NSE-NIFTY,VP_TRAIL_SWING,SHORT,25463.55,25463.55,25619.72,25393.39,-20.0,-540.0,0,BREAKEVEN,0.6042,25,55000,198.61,156.17,70.16,25460.0,25000.0,25370.0,120.0,full,,0,neutral,True,0.5,1.7,0.45,IS
2024-09-20,2024-09-20 13:30:00,2024-09-20 14:45:00,2024,NSE-NIFTY,VP_TRAIL_SWING,SHORT,25562.85,25711.21,25835.96,25418.21,-168.36,-4249.08,0,TRAIL STOP,1.0,25,55000,214.82,273.11,144.64,25500.0,25000.0,25370.0,293.0,full,,0,neutral,True,0.5,0.66,0.45,IS
2024-10-07,2024-10-07 11:15:00,2024-10-07 13:30:00,2024,NSE-NIFTY,VP_TRAIL_SWING,LONG,25142.0,24919.58,24901.31,25403.0,-242.42,-6100.62,0,TRAIL STOP,0.4868,25,55000,318.43,240.69,261.0,26000.0,25120.0,25490.0,155.0,full,,0,neutral,True,0.5,-3.92,0.45,IS
2024-10-18,2024-10-18 11:30:00,2024-10-21 09:30:00,2024,NSE-NIFTY,VP_TRAIL_SWING,LONG,24888.0,24890.02,24654.41,25069.5,-17.98,-489.42,0,BREAKEVEN,0.3179,25,55000,279.95,233.59,181.5,25580.0,24800.0,25130.0,89.0,full,,1,neutral,True,0.5,-1.12,0.45,IS
2024-10-21,2024-10-21 13:45:00,2024-10-21 15:15:00,2024,NSE-NIFTY,VP_TRAIL_SWING,LONG,24883.0,24757.0,24674.21,25068.25,-146.0,-3690.0,0,SQUARE OFF,0.1064,25,55000,279.95,208.79,185.25,25500.0,24760.0,25130.0,29.8,full,,0,neutral,True,1.0,-0.33,0.9,IS
2024-10-28,2024-10-28 10:30:00,2024-10-28 15:15:00,2024,NSE-NIFTY,VP_TRAIL_SWING,LONG,24414.65,24362.0,24207.01,24951.16,-72.65,-1856.25,0,SQUARE OFF,0.6793,25,55000,264.96,207.64,536.51,25500.0,24440.0,25130.0,180.0,full,,0,neutral,True,0.5,-3.01,0.45,IS
2024-10-29,2024-10-29 12:00:00,2024-10-30 09:30:00,2024,NSE-NIFTY,VP_TRAIL_SWING,LONG,24324.9,24366.45,24110.58,24928.72,21.55,498.79,1,TRAIL STOP,0.7267,25,55000,269.7,214.33,603.82,25500.0,24360.0,25130.0,196.0,full,,1,neutral,True,0.5,-1.59,0.45,IS
2024-11-18,2024-11-18 12:15:00,2024-11-18 15:15:00,2024,NSE-NIFTY,VP_TRAIL_SWING,LONG,23619.95,23517.9,23324.23,24137.49,-122.05,-3091.25,0,SQUARE OFF,1.0,25,55000,329.08,295.72,517.54,24600.0,23940.0,24310.0,549.95,full,,0,neutral,True,0.5,-2.72,0.45,IS
2024-11-22,2024-11-22 12:00:00,2024-11-25 09:15:00,2024,NSE-NIFTY,VP_TRAIL_SWING,LONG,23665.0,24148.75,23403.41,24148.75,463.75,11553.75,1,TARGET HIT,0.5596,25,55000,335.95,261.59,483.75,24640.0,23660.0,24310.0,188.0,full,,1,neutral,True,0.5,-2.42,0.45,IS
2024-12-04,2024-12-04 11:45:00,2024-12-04 15:15:00,2024,NSE-NIFTY,VP_TRAIL_SWING,SHORT,24496.7,24559.0,24720.0,24341.67,-82.3,-2097.5,0,SQUARE OFF,0.4,25,55000,300.0,223.3,155.03,24540.0,24160.0,24290.0,120.0,full,,0,neutral,True,0.5,1.36,0.45,IS
2024-12-13,2024-12-13 11:30:00,2024-12-13 11:45:00,2024,NSE-NIFTY,VP_TRAIL_SWING,LONG,24414.0,24416.99,24178.2,24651.0,-17.01,-465.26,0,BREAKEVEN,0.6401,25,55000,264.01,235.8,237.0,24820.0,24400.0,24730.0,169.0,full,,0,neutral,True,0.5,-0.52,0.45,IS
2024-12-20,2024-12-20 10:30:00,2024-12-20 12:45:00,2024,NSE-NIFTY,VP_TRAIL_SWING,LONG,23967.0,23826.03,23771.17,24539.25,-160.97,-4064.31,0,TRAIL STOP,1.0,25,55000,269.9,195.83,572.25,24820.0,24320.0,24730.0,494.85,full,,0,neutral,True,0.5,-2.54,0.45,IS
2024-12-23,2024-12-23 11:00:00,2024-12-23 12:45:00,2024,NSE-NIFTY,VP_TRAIL_SWING,LONG,23886.65,23697.36,23681.83,24519.16,-209.29,-5272.3,0,TRAIL STOP,1.0,25,55000,272.59,204.82,632.51,24820.0,24280.0,24730.0,543.65,full,,0,neutral,True,0.5,-4.9,0.45,IS
2025-01-10,2025-01-10 11:00:00,2025-01-10 14:15:00,2025,NSE-NIFTY,VP_TRAIL_SWING,LONG,23641.0,23482.45,23376.53,23752.75,-178.55,-4503.81,0,TRAIL STOP,0.7107,25,55000,267.34,264.47,111.75,24080.0,23620.0,23790.0,190.0,full,,0,neutral,True,0.5,-2.47,0.45,IS
2025-01-14,2025-01-14 11:00:00,2025-01-14 15:15:00,2025,NSE-NIFTY,VP_TRAIL_SWING,LONG,23336.6,23280.0,23147.36,23676.65,-76.6,-1955.0,0,SQUARE OFF,1.0,25,55000,259.71,189.24,340.05,24160.0,23620.0,23790.0,420.7,full,,0,neutral,True,0.5,-2.37,0.45,IS
2025-01-17,2025-01-17 12:00:00,2025-01-17 15:15:00,2025,NSE-NIFTY,VP_TRAIL_SWING,LONG,23274.0,23260.0,23103.23,23661.0,-34.0,-890.0,0,SQUARE OFF,1.0,25,55000,234.34,170.77,387.0,24320.0,23580.0,23790.0,429.9,full,,0,neutral,True,0.5,-1.12,0.45,IS
2025-01-27,2025-01-27 12:15:00,2025-01-27 15:15:00,2025,NSE-NIFTY,VP_TRAIL_SWING,LONG,22943.85,22831.9,22788.81,23188.46,-131.95,-3338.75,0,SQUARE OFF,1.0,25,55000,215.72,155.04,244.61,23840.0,23060.0,23270.0,228.05,full,,0,neutral,True,0.5,-0.64,0.45,IS
2025-01-28,2025-01-28 11:15:00,2025-01-28 14:45:00,2025,NSE-NIFTY,VP_TRAIL_SWING,LONG,22984.6,22994.37,22830.84,23198.65,-10.23,-295.85,0,BREAKEVEN,0.8474,25,55000,218.78,153.76,214.05,23880.0,23060.0,23270.0,185.4,full,,0,neutral,True,0.5,-2.4,0.45,IS
2025-02-12,2025-02-12 11:15:00,2025-02-13 09:15:00,2025,NSE-NIFTY,VP_TRAIL_SWING,LONG,23022.7,23114.2,22851.07,23448.17,71.5,1747.39,1,BREAKEVEN,1.0,25,55000,244.51,171.63,425.47,23760.0,23380.0,23590.0,480.0,full,,1,neutral,True,0.5,-2.74,0.45,IS
2025-02-17,2025-02-17 10:30:00,2025-02-18 09:15:00,2025,NSE-NIFTY,VP_TRAIL_SWING,LONG,23004.95,23004.95,22787.43,23443.74,-20.0,-540.0,0,TRAIL STOP,1.0,25,55000,246.62,217.52,438.79,23840.0,23180.0,23590.0,342.25,full,,1,neutral,True,0.5,-2.75,0.45,IS
2025-04-07,2025-04-07 13:30:00,2025-04-08 09:45:00,2025,NSE-NIFTY,VP_TRAIL_SWING,LONG,22051.9,22489.17,21800.62,23025.47,417.27,10391.87,1,BREAKEVEN,1.0,25,55000,311.75,251.28,973.57,23800.0,22240.0,23350.0,380.0,full,,1,neutral,True,0.5,-2.66,0.45,IS
2025-05-02,2025-05-02 10:45:00,2025-05-02 11:15:00,2025,NSE-NIFTY,VP_TRAIL_SWING,SHORT,24539.5,24539.5,24780.85,24457.38,-20.0,-540.0,0,BREAKEVEN,0.634,25,55000,312.76,241.35,82.12,24520.0,24140.0,24430.0,198.3,full,,0,neutral,True,1.0,0.3,0.9,IS
2025-05-09,2025-05-09 11:15:00,2025-05-09 15:15:00,2025,NSE-NIFTY,VP_TRAIL_SWING,LONG,24154.1,24082.9,23946.09,24376.03,-91.2,-2320.0,0,SQUARE OFF,0.911,25,55000,264.54,208.01,221.93,24580.0,24240.0,24450.0,241.0,full,,0,neutral,True,0.5,-0.71,0.45,IS
2025-05-13,2025-05-13 12:30:00,2025-05-14 09:15:00,2025,NSE-NIFTY,VP_TRAIL_SWING,SHORT,24730.0,24730.0,24959.31,24520.0,-20.0,-540.0,0,BREAKEVEN,0.9197,25,55000,302.28,229.31,210.0,24620.0,24080.0,24450.0,278.0,full,,1,neutral,True,0.5,1.97,0.45,IS
2025-05-20,2025-05-20 12:45:00,2025-05-21 09:30:00,2025,NSE-NIFTY,VP_TRAIL_SWING,SHORT,24869.8,24869.8,25096.98,24554.95,-20.0,-540.0,0,TRAIL STOP,0.5925,25,55000,301.92,227.18,314.85,24860.0,24120.0,24450.0,178.9,full,,1,neutral,True,1.0,-0.34,0.9,IS
2025-05-27,2025-05-27 12:15:00,2025-05-28 09:15:00,2025,NSE-NIFTY,VP_TRAIL_SWING,SHORT,24900.0,24891.28,25169.37,24562.5,-11.28,-321.96,0,TRAIL STOP,0.2838,25,55000,303.76,269.37,337.5,25020.0,24360.0,24450.0,86.2,full,,1,neutral,True,1.0,0.28,0.9,IS
2025-06-05,2025-06-05 13:15:00,2025-06-05 14:45:00,2025,NSE-NIFTY,VP_TRAIL_SWING,SHORT,24893.3,24893.3,25053.19,24770.83,-20.0,-540.0,0,BREAKEVEN,0.4902,25,55000,221.94,159.89,122.47,24900.0,24680.0,24730.0,108.8,full,,0,neutral,True,1.0,-0.11,0.9,IS
2025-06-24,2025-06-24 12:30:00,2025-06-25 09:15:00,2025,NSE-NIFTY,VP_TRAIL_SWING,SHORT,25217.8,25152.22,25395.68,24941.95,45.58,1099.38,1,BREAKEVEN,1.0,25,55000,224.45,177.88,275.85,25060.0,24640.0,24850.0,289.0,full,,1,neutral,True,1.0,-0.02,0.9,IS
2025-06-26,2025-06-26 10:30:00,2025-06-26 13:15:00,2025,NSE-NIFTY,VP_TRAIL_SWING,SHORT,25310.0,25453.08,25498.49,24965.0,-163.08,-4116.92,0,TRAIL STOP,1.0,25,55000,217.44,188.49,345.0,25140.0,24680.0,24850.0,315.0,full,,0,neutral,True,0.5,1.76,0.45,IS
2025-07-15,2025-07-15 10:45:00,2025-07-16 09:15:00,2025,NSE-NIFTY,VP_TRAIL_SWING,LONG,25252.0,25252.0,25130.56,25535.5,-20.0,-540.0,0,TRAIL STOP,1.0,25,55000,150.89,121.44,283.5,25720.0,25420.0,25630.0,258.9,full,,1,neutral,True,0.5,-1.44,0.45,IS
2025-07-16,2025-07-16 12:30:00,2025-07-16 15:15:00,2025,NSE-NIFTY,VP_TRAIL_SWING,LONG,25247.0,25236.7,25132.32,25534.25,-30.3,-797.5,0,SQUARE OFF,1.0,25,55000,150.89,114.68,287.25,25760.0,25420.0,25630.0,257.5,full,,0,neutral,True,0.5,-1.33,0.45,IS
2025-07-23,2025-07-23 12:00:00,2025-07-24 09:45:00,2025,NSE-NIFTY,VP_TRAIL_SWING,LONG,25194.0,25198.75,25090.65,25521.0,-15.25,-421.25,0,TRAIL STOP,0.394,25,55000,152.3,103.35,327.0,25760.0,25180.0,25630.0,60.0,full,,1,neutral,True,0.5,-0.74,0.45,IS
2025-07-29,2025-07-29 13:30:00,2025-07-30 10:30:00,2025,NSE-NIFTY,VP_TRAIL_SWING,LONG,24779.4,24799.3,24653.15,25417.35,-0.1,-42.41,0,TRAIL STOP,1.0,25,55000,171.39,126.25,637.95,25760.0,25100.0,25630.0,411.9,full,,1,neutral,True,0.5,-1.72,0.45,IS
2025-07-30,2025-07-30 11:15:00,2025-07-30 15:15:00,2025,NSE-NIFTY,VP_TRAIL_SWING,LONG,24909.1,24860.0,24751.72,25449.78,-69.1,-1767.5,0,SQUARE OFF,1.0,25,55000,171.39,157.38,540.68,25760.0,25100.0,25630.0,314.0,full,,0,neutral,True,0.5,-1.0,0.45,IS
2025-07-31,2025-07-31 11:00:00,2025-07-31 14:30:00,2025,NSE-NIFTY,VP_TRAIL_SWING,LONG,24744.0,24832.51,24609.34,25408.5,68.51,1672.86,1,TRAIL STOP,1.0,25,55000,183.31,134.66,664.5,25760.0,25060.0,25630.0,414.0,full,,0,neutral,True,0.5,-1.56,0.45,IS
2025-08-18,2025-08-18 12:00:00,2025-08-18 15:15:00,2025,NSE-NIFTY,VP_TRAIL_SWING,SHORT,24931.4,24973.1,25104.15,24750.35,-61.7,-1582.5,0,SQUARE OFF,1.0,25,55000,189.73,172.75,181.05,24780.0,24520.0,24690.0,286.2,full,,0,neutral,True,1.0,-0.18,0.9,IS
2025-09-04,2025-09-04 12:00:00,2025-09-05 09:15:00,2025,NSE-NIFTY,VP_TRAIL_SWING,SHORT,24910.0,24908.64,25049.08,24730.0,-18.64,-506.04,0,BREAKEVEN,0.6571,25,55000,197.68,139.08,180.0,24880.0,24620.0,24670.0,129.9,full,,1,neutral,True,1.0,0.39,0.9,IS
2025-10-17,2025-10-17 12:45:00,2025-10-17 15:15:00,2025,NSE-NIFTY,VP_TRAIL_SWING,SHORT,25750.0,25751.2,25888.51,25390.0,-21.2,-570.0,0,SQUARE OFF,1.0,25,55000,197.56,138.51,360.0,25480.0,24980.0,25270.0,369.0,full,,0,neutral,True,0.5,1.46,0.45,IS
2025-10-24,2025-10-24 10:15:00,2025-10-27 09:15:00,2025,NSE-NIFTY,VP_TRAIL_SWING,SHORT,25867.3,25830.6,26004.95,25419.33,16.7,377.41,1,TRAIL STOP,1.0,25,55000,191.21,137.65,447.97,25680.0,24860.0,25270.0,286.1,full,,1,neutral,True,0.5,2.02,0.45,IS
2025-10-28,2025-10-28 10:45:00,2025-10-28 15:15:00,2025,NSE-NIFTY,VP_TRAIL_SWING,SHORT,25875.0,25934.9,26030.88,25421.25,-79.9,-2037.5,0,SQUARE OFF,0.5567,25,55000,199.39,155.88,453.75,25880.0,24860.0,25270.0,111.0,full,,0,neutral,True,0.5,1.11,0.45,IS
2025-11-07,2025-11-07 11:15:00,2025-11-11 09:15:00,2025,NSE-NIFTY,VP_TRAIL_SWING,LONG,25545.0,25654.69,25401.4,25803.75,89.69,2202.34,1,BREAKEVEN,1.0,25,55000,195.2,143.6,258.75,25980.0,25680.0,25890.0,240.0,full,,2,neutral,True,0.5,-2.38,0.45,IS
2025-11-11,2025-11-11 12:15:00,2025-11-12 09:15:00,2025,NSE-NIFTY,VP_TRAIL_SWING,LONG,25684.8,25838.7,25515.96,25838.7,133.9,3307.5,1,TARGET HIT,0.2395,25,55000,187.86,168.84,153.9,25940.0,25600.0,25890.0,45.0,full,,1,neutral,True,0.5,-0.81,0.45,IS
2025-12-09,2025-12-09 11:00:00,2025-12-09 15:15:00,2025,NSE-NIFTY,VP_TRAIL_SWING,LONG,25999.8,25960.0,25837.5,26262.45,-59.8,-1535.0,0,SQUARE OFF,1.0,25,55000,187.49,162.3,262.65,26400.0,26100.0,26350.0,225.0,full,,0,neutral,True,0.5,-1.06,0.45,IS
2025-12-11,2025-12-11 10:15:00,2025-12-12 10:15:00,2025,NSE-NIFTY,VP_TRAIL_SWING,LONG,25934.0,26054.63,25791.21,26246.0,100.63,2475.87,1,BREAKEVEN,1.0,25,55000,188.13,142.79,312.0,26440.0,26060.0,26350.0,230.0,full,,1,neutral,True,0.5,-1.09,0.45,IS
2025-12-18,2025-12-18 10:15:00,2025-12-18 15:15:00,2025,NSE-NIFTY,VP_TRAIL_SWING,LONG,25912.8,25882.0,25778.75,26060.7,-50.8,-1310.0,0,SQUARE OFF,0.2623,25,55000,175.74,134.05,147.9,26280.0,25860.0,26110.0,46.1,full,,0,neutral,True,1.0,0.2,0.9,IS
2026-01-27,2026-01-27 11:30:00,2026-01-27 15:15:00,2026,NSE-NIFTY,VP_TRAIL_SWING,LONG,25179.0,25173.9,24932.33,25622.25,-25.1,-667.5,0,SQUARE OFF,0.5392,25,55000,253.87,246.67,443.25,26060.0,25120.0,25770.0,136.9,full,,0,neutral,True,0.5,-2.6,0.45,OOS
2026-02-02,2026-02-02 12:00:00,2026-02-03 09:15:00,2026,NSE-NIFTY,VP_TRAIL_SWING,LONG,24988.1,26161.3,24680.54,25289.53,1153.2,28790.0,1,REGIME SHIFT,1.0,25,55000,300.0,307.56,301.43,25560.0,25100.0,25390.0,341.5,full,,0,neutral,True,0.5,-1.15,0.45,OOS
2026-02-20,2026-02-20 10:30:00,2026-02-20 15:15:00,2026,NSE-NIFTY,VP_TRAIL_SWING,LONG,25617.0,25582.4,25429.71,25806.75,-54.6,-1405.0,0,SQUARE OFF,0.4637,25,55000,226.43,187.29,189.75,25960.0,25580.0,25870.0,105.0,sub,2026-02-03,0,neutral,True,0.5,-1.7,0.45,OOS
2026-03-24,2026-03-24 11:45:00,2026-03-25 09:15:00,2026,NSE-NIFTY,VP_TRAIL_SWING,LONG,22800.0,23122.5,22545.41,23122.5,302.5,7522.5,1,TARGET HIT,1.0,25,55000,360.86,254.59,322.5,24040.0,23060.0,23230.0,443.0,sub,2026-03-09,1,neutral,True,0.5,-3.81,0.45,OOS
2026-04-16,2026-04-16 12:15:00,2026-04-16 15:15:00,2026,NSE-NIFTY,VP_TRAIL_SWING,SHORT,24164.8,24186.3,24392.82,23268.7,-41.5,-1077.5,0,SQUARE OFF,0.9233,25,55000,314.1,228.02,896.1,24040.0,22600.0,22970.0,290.0,full,,0,neutral,True,0.5,4.58,0.45,OOS
2026-05-05,2026-05-05 13:00:00,2026-05-06 09:15:00,2026,NSE-NIFTY,VP_TRAIL_SWING,LONG,24127.2,24234.3,23877.0,24234.3,87.1,2137.5,1,TARGET HIT,0.2676,25,55000,310.18,250.2,107.1,24440.0,24020.0,24270.0,83.0,full,,1,neutral,True,1.0,1.1,0.9,OOS
2024-01-18,2024-01-18 12:15:00,2024-01-18 12:45:00,2024,BSE-SENSEX,VP_TRAIL_SWING,LONG,71609.45,71267.87,71267.87,72630.0,-381.58,-3855.79,0,TRAIL STOP,0.3306,10,75000,512.89,341.58,1020.55,73280.0,71540.0,72630.0,169.55,full,,0,neutral,True,1.0,-0.47,0.9,IS
2024-01-19,2024-01-19 10:00:00,2024-01-20 09:15:00,2024,BSE-SENSEX,VP_TRAIL_SWING,LONG,71911.85,71911.85,71119.02,72630.0,-40.0,-440.0,0,TRAIL STOP,0.2274,10,75000,527.65,792.83,718.15,72920.0,71340.0,72630.0,120.0,full,,1,neutral,True,0.5,-0.56,0.45,IS
2024-01-24,2024-01-24 12:45:00,2024-01-25 09:15:00,2024,BSE-SENSEX,VP_TRAIL_SWING,LONG,70524.55,70896.3,70146.1,71910.0,331.75,3277.48,1,BREAKEVEN,0.6469,10,75000,707.4,378.45,1385.45,72280.0,70740.0,71910.0,457.65,full,,1,neutral,True,0.5,-3.79,0.45,IS
2024-01-25,2024-01-25 11:15:00,2024-01-30 09:15:00,2024,BSE-SENSEX,VP_TRAIL_SWING,LONG,70500.0,72274.95,70137.52,71910.0,1734.95,17309.5,1,CONTRACT ROLL,1.0,10,75000,300.0,362.48,1410.0,72080.0,70580.0,71910.0,301.0,full,,0,neutral,True,0.5,-0.62,0.45,IS
2024-03-14,2024-03-14 11:30:00,2024-03-14 14:00:00,2024,BSE-SENSEX,VP_TRAIL_SWING,LONG,73431.95,73431.95,72771.82,73910.0,-40.0,-440.0,0,BREAKEVEN,0.3927,10,75000,924.92,660.13,478.05,74120.0,73320.0,73910.0,363.2,full,,0,neutral,True,0.5,-1.15,0.45,IS
2024-03-20,2024-03-20 11:30:00,2024-03-21 09:15:00,2024,BSE-SENSEX,VP_TRAIL_SWING,LONG,72300.0,72414.44,71786.58,73910.0,74.44,704.36,1,TRAIL STOP,1.0,10,75000,871.13,513.42,1610.0,77540.0,72860.0,73910.0,894.2,full,,1,neutral,True,0.5,-2.42,0.45,IS
2024-04-12,2024-04-12 12:15:00,2024-04-15 09:15:00,2024,BSE-SENSEX,VP_TRAIL_SWING,SHORT,74725.0,74310.0,75100.59,74310.0,375.0,3710.0,1,TARGET HIT,0.3213,10,75000,497.78,375.59,415.0,74840.0,74180.0,74310.0,159.95,full,,1,neutral,True,0.5,1.66,0.45,IS
2024-04-15,2024-04-15 12:15:00,2024-04-15 14:15:00,2024,BSE-SENSEX,VP_TRAIL_SWING,LONG,74099.95,73750.44,73750.44,74490.0,-389.51,-3935.06,0,TRAIL STOP,0.7031,10,75000,497.78,349.51,390.05,74860.0,74200.0,74490.0,350.0,full,,0,neutral,True,1.0,-0.03,0.9,IS
2024-05-03,2024-05-03 12:30:00,2024-05-03 12:45:00,2024,BSE-SENSEX,VP_TRAIL_SWING,LONG,74545.0,74475.95,74242.25,75010.0,-109.05,-1130.5,0,TRAIL STOP,1.0,10,75000,300.0,302.75,465.0,75500.0,74680.0,75010.0,377.75,full,,0,neutral,True,1.0,1.73,0.9,IS
2024-05-08,2024-05-08 11:45:00,2024-05-08 15:15:00,2024,BSE-SENSEX,VP_TRAIL_SWING,LONG,73930.0,73850.9,73518.61,74210.0,-119.1,-1231.0,0,SQUARE OFF,0.8372,10,75000,656.94,411.39,280.0,75060.0,74200.0,74210.0,550.0,full,,0,neutral,True,0.5,-1.63,0.45,IS
2024-05-13,2024-05-13 11:30:00,2024-05-15 10:15:00,2024,BSE-SENSEX,VP_TRAIL_SWING,LONG,72750.0,73211.16,72202.47,74210.0,421.16,4171.62,1,BREAKEVEN,1.0,10,75000,675.57,547.53,1460.0,75500.0,73320.0,74210.0,970.0,full,,2,neutral,True,0.5,-1.98,0.45,IS
2024-06-27,2024-06-27 10:30:00,2024-06-27 12:15:00,2024,BSE-SENSEX,VP_TRAIL_SWING,SHORT,78605.05,79072.5,79111.5,77270.0,-507.45,-5114.54,0,TRAIL STOP,1.0,10,75000,692.27,506.45,1335.05,77920.0,76780.0,77270.0,1053.05,full,,0,neutral,True,0.5,1.74,0.45,IS
2024-07-04,2024-07-04 10:45:00,2024-07-04 15:15:00,2024,BSE-SENSEX,VP_TRAIL_SWING,SHORT,80055.0,80064.0,80276.85,79910.0,-49.0,-530.0,0,SQUARE OFF,0.7228,10,75000,300.0,221.85,145.0,80000.0,79380.0,79910.0,216.85,full,,0,neutral,True,0.5,1.77,0.45,IS
2024-07-12,2024-07-12 11:15:00,2024-07-15 09:30:00,2024,BSE-SENSEX,VP_TRAIL_SWING,SHORT,80520.6,80520.6,81088.29,79870.0,-40.0,-440.0,0,TRAIL STOP,1.0,10,75000,471.26,567.69,650.6,80280.0,79700.0,79870.0,710.2,full,,1,neutral,True,1.0,0.11,0.9,IS
2024-07-18,2024-07-18 10:45:00,2024-07-18 13:00:00,2024,BSE-SENSEX,VP_TRAIL_SWING,SHORT,80700.0,80919.87,81001.75,79870.0,-259.87,-2638.72,0,TRAIL STOP,0.6092,10,75000,496.5,301.75,830.0,80600.0,79620.0,79870.0,302.45,full,,0,neutral,True,0.5,0.51,0.45,IS
2024-07-19,2024-07-19 11:15:00,2024-07-22 09:15:00,2024,BSE-SENSEX,VP_TRAIL_SWING,SHORT,80967.5,80472.26,81233.21,79870.0,455.24,4512.45,1,BREAKEVEN,0.2387,10,75000,544.51,265.71,1097.5,81000.0,79620.0,79870.0,130.0,full,,1,neutral,True,0.5,1.79,0.45,IS
2024-07-23,2024-07-23 12:45:00,2024-07-24 09:15:00,2024,BSE-SENSEX,VP_TRAIL_SWING,LONG,80173.65,80357.23,79209.83,80690.0,143.58,1395.8,1,BREAKEVEN,1.0,10,75000,649.24,963.82,516.35,81060.0,80040.0,80690.0,704.9,full,,1,neutral,True,1.0,0.16,0.9,IS
2024-08-01,2024-08-01 11:45:00,2024-08-02 09:15:00,2024,BSE-SENSEX,VP_TRAIL_SWING,SHORT,81914.7,81510.0,82088.2,81510.0,364.7,3607.0,1,TARGET HIT,0.4638,10,75000,405.74,173.5,404.7,81840.0,81500.0,81510.0,188.2,full,,1,neutral,True,0.5,2.09,0.45,IS
2024-08-02,2024-08-02 10:30:00,2024-08-02 14:45:00,2024,BSE-SENSEX,VP_TRAIL_SWING,LONG,81340.0,81075.65,80998.65,81810.0,-304.35,-3083.55,0,TRAIL STOP,0.9863,10,75000,405.74,341.35,470.0,82060.0,81480.0,81810.0,400.2,full,,0,neutral,True,1.0,2.31,0.9,IS
2024-09-06,2024-09-06 12:00:00,2024-09-06 14:30:00,2024,BSE-SENSEX,VP_TRAIL_SWING,LONG,81605.0,81376.18,81376.18,82650.0,-268.82,-2728.22,0,TRAIL STOP,1.0,10,75000,413.61,228.82,1045.0,82740.0,81900.0,82650.0,441.1,full,,0,neutral,True,1.0,0.28,0.9,IS
2024-09-13,2024-09-13 11:30:00,2024-09-13 15:15:00,2024,BSE-SENSEX,VP_TRAIL_SWING,SHORT,82831.3,82832.05,83174.56,81470.0,-40.75,-447.5,0,SQUARE OFF,1.0,10,75000,622.78,343.26,1361.3,82360.0,81380.0,81470.0,690.0,full,,0,neutral,True,1.0,0.4,0.9,IS
2024-09-17,2024-09-17 10:15:00,2024-09-17 15:15:00,2024,BSE-SENSEX,VP_TRAIL_SWING,SHORT,82990.0,83198.45,83311.57,81470.0,-248.45,-2524.5,0,SQUARE OFF,1.0,10,75000,557.84,321.57,1520.0,82480.0,81300.0,81470.0,720.0,full,,0,neutral,True,0.5,1.84,0.45,IS
2024-09-18,2024-09-18 13:00:00,2024-09-19 09:15:00,2024,BSE-SENSEX,VP_TRAIL_SWING,SHORT,83050.0,83050.0,83473.63,81470.0,-40.0,-440.0,0,TRAIL STOP,1.0,10,75000,561.51,423.63,1580.0,82560.0,81300.0,81470.0,802.0,full,,1,neutral,True,0.5,1.28,0.45,IS
2024-09-27,2024-09-27 11:00:00,2024-10-01 09:15:00,2024,BSE-SENSEX,VP_TRAIL_SWING,SHORT,85840.75,85810.0,86143.52,85410.0,-9.25,-132.5,0,CONTRACT ROLL,-0.0543,10,75000,300.0,302.77,430.75,86040.0,84040.0,85410.0,-16.3,full,,0,neutral,True,0.5,2.66,0.45,IS
2024-10-18,2024-10-18 10:45:00,2024-10-21 09:30:00,2024,BSE-SENSEX,VP_TRAIL_SWING,LONG,81147.0,81392.72,80606.71,83110.0,205.72,2017.21,1,TRAIL STOP,1.0,10,75000,610.56,540.29,1963.0,84800.0,82080.0,83110.0,1350.0,full,,1,neutral,True,0.5,-0.73,0.45,IS
2024-10-25,2024-10-25 12:45:00,2024-10-28 09:30:00,2024,BSE-SENSEX,VP_TRAIL_SWING,LONG,79440.0,79485.46,79135.77,80230.0,5.46,14.61,1,TRAIL STOP,0.3337,10,75000,629.08,304.23,790.0,81800.0,79460.0,80230.0,209.9,full,,1,neutral,True,0.5,-1.23,0.45,IS
2024-10-28,2024-10-28 10:45:00,2024-10-29 12:00:00,2024,BSE-SENSEX,VP_TRAIL_SWING,SHORT,80200.0,79887.0,80615.82,79410.0,273.0,2689.98,1,BREAKEVEN,0.2819,10,75000,674.0,415.82,790.0,80300.0,79200.0,79410.0,190.0,full,,1,neutral,True,1.0,-2.47,0.9,IS
2024-11-14,2024-11-14 13:15:00,2024-11-14 15:15:00,2024,BSE-SENSEX,VP_TRAIL_SWING,LONG,78199.85,77890.0,77559.88,79910.0,-349.85,-3538.5,0,SQUARE OFF,1.0,10,75000,855.86,639.97,1710.15,81000.0,78940.0,79910.0,1208.95,full,,0,neutral,True,0.5,-3.17,0.45,IS
2024-11-22,2024-11-22 10:00:00,2024-11-25 09:15:00,2024,BSE-SENSEX,VP_TRAIL_SWING,LONG,78051.25,79910.0,76968.99,79910.0,1818.75,18147.5,1,TARGET HIT,0.4745,10,75000,906.27,1082.26,1858.75,81000.0,77580.0,79910.0,430.0,full,,1,neutral,True,0.5,-2.27,0.45,IS
2024-12-06,2024-12-06 10:30:00,2024-12-06 15:15:00,2024,BSE-SENSEX,VP_TRAIL_SWING,SHORT,81925.25,82098.25,82408.07,81230.0,-213.0,-2170.0,0,SQUARE OFF,0.0666,10,75000,930.37,482.82,695.25,82160.0,80780.0,81230.0,62.0,full,,0,neutral,True,0.5,3.74,0.45,IS
2024-12-13,2024-12-13 11:00:00,2024-12-13 12:00:00,2024,BSE-SENSEX,VP_TRAIL_SWING,LONG,80789.1,81810.0,80068.34,81810.0,980.9,9769.0,1,TARGET HIT,0.6936,10,75000,908.3,720.76,1020.9,82140.0,80880.0,81810.0,630.0,full,,0,neutral,True,0.5,-0.56,0.45,IS
2024-12-20,2024-12-20 10:15:00,2024-12-20 12:45:00,2024,BSE-SENSEX,VP_TRAIL_SWING,LONG,79200.0,78773.27,78662.87,82010.0,-466.73,-4707.27,0,TRAIL STOP,1.0,10,75000,935.64,537.13,2810.0,82340.0,80520.0,82010.0,1670.0,full,,0,neutral,True,0.5,-2.76,0.45,IS
2025-01-08,2025-01-08 13:30:00,2025-01-08 14:00:00,2025,BSE-SENSEX,VP_TRAIL_SWING,LONG,78300.0,78550.0,77712.17,78550.0,210.0,2060.0,1,TARGET HIT,0.0,10,75000,939.15,587.83,250.0,79800.0,77900.0,78550.0,0.0,full,,0,neutral,True,1.0,-0.2,0.9,IS
2025-01-13,2025-01-13 10:15:00,2025-01-13 13:00:00,2025,BSE-SENSEX,VP_TRAIL_SWING,LONG,77300.0,76868.0,76868.0,78550.0,-472.0,-4759.96,0,TRAIL STOP,0.5814,10,75000,859.98,432.0,1250.0,79720.0,77540.0,78550.0,500.0,full,,0,neutral,True,0.5,-2.67,0.45,IS
2025-01-17,2025-01-17 12:00:00,2025-01-17 12:15:00,2025,BSE-SENSEX,VP_TRAIL_SWING,LONG,76780.0,76890.0,76325.8,76890.0,70.0,660.0,1,TARGET HIT,0.0156,10,75000,715.27,454.2,110.0,78740.0,76480.0,76890.0,11.15,full,,0,neutral,True,0.5,-1.1,0.45,IS
2025-02-04,2025-02-04 10:30:00,2025-02-04 11:45:00,2025,BSE-SENSEX,VP_TRAIL_SWING,SHORT,77700.0,78235.91,78292.91,77310.0,-575.91,-5799.13,0,TRAIL STOP,0.3779,10,75000,714.55,592.91,390.0,77880.0,77220.0,77310.0,270.0,full,,0,neutral,True,0.5,2.12,0.45,IS
2025-02-05,2025-02-05 11:15:00,2025-02-07 10:15:00,2025,BSE-SENSEX,VP_TRAIL_SWING,SHORT,78625.0,78392.19,78974.18,77310.0,192.81,1888.06,1,TRAIL STOP,1.0,10,75000,644.39,349.18,1315.0,78160.0,77220.0,77310.0,681.05,full,,2,neutral,True,0.5,1.92,0.45,IS
2025-02-07,2025-02-07 12:00:00,2025-02-11 09:45:00,2025,BSE-SENSEX,VP_TRAIL_SWING,SHORT,78200.0,77310.0,78718.88,77310.0,850.0,8460.0,1,TARGET HIT,0.3922,10,75000,688.35,518.88,890.0,78320.0,77220.0,77310.0,270.0,full,,2,neutral,True,1.0,0.23,0.9,IS
2025-02-12,2025-02-12 10:45:00,2025-02-12 11:45:00,2025,BSE-SENSEX,VP_TRAIL_SWING,LONG,76056.55,76510.0,75606.97,76510.0,413.45,4094.5,1,TARGET HIT,0.8809,10,75000,715.15,449.58,453.45,78080.0,76380.0,76510.0,630.0,full,,0,neutral,True,0.5,-2.65,0.45,IS
2025-02-17,2025-02-17 10:30:00,2025-02-18 09:15:00,2025,BSE-SENSEX,VP_TRAIL_SWING,LONG,76110.0,76110.0,75458.67,76510.0,-40.0,-440.0,0,TRAIL STOP,0.0189,10,75000,741.01,651.33,400.0,77640.0,75620.0,76510.0,14.0,full,,1,neutral,True,0.5,-2.5,0.45,IS
2025-03-07,2025-03-07 11:45:00,2025-03-07 15:15:00,2025,BSE-SENSEX,VP_TRAIL_SWING,SHORT,74600.1,74604.45,74983.94,73350.0,-44.35,-483.5,0,SQUARE OFF,0.7988,10,75000,664.71,383.84,1250.1,74320.0,73220.0,73350.0,531.0,full,,0,neutral,True,1.0,-0.91,0.9,IS
2025-03-21,2025-03-21 13:45:00,2025-03-21 15:15:00,2025,BSE-SENSEX,VP_TRAIL_SWING,SHORT,76850.0,77000.0,77294.96,75630.0,-190.0,-1940.0,0,SQUARE OFF,1.0,10,75000,698.31,444.96,1220.0,76100.0,73620.0,75630.0,1055.3,full,,0,neutral,True,0.5,2.91,0.45,IS
2025-03-25,2025-03-25 10:00:00,2025-03-25 10:30:00,2025,BSE-SENSEX,VP_TRAIL_SWING,SHORT,78495.85,78495.85,78954.32,78110.0,-40.0,-440.0,0,BREAKEVEN,0.0075,10,75000,743.58,458.47,385.85,78800.0,75160.0,78110.0,5.6,full,,0,neutral,True,0.5,5.15,0.45,IS
2025-04-21,2025-04-21 13:30:00,2025-04-21 15:15:00,2025,BSE-SENSEX,VP_TRAIL_SWING,SHORT,79402.35,79500.5,79863.56,76910.0,-138.15,-1421.5,0,SQUARE OFF,1.0,10,75000,855.56,461.21,2492.35,78260.0,72820.0,76910.0,1432.45,sub,2025-04-07,0,neutral,True,0.5,5.21,0.45,IS
2025-04-23,2025-04-23 10:00:00,2025-04-23 10:45:00,2025,BSE-SENSEX,VP_TRAIL_SWING,SHORT,79778.4,79650.0,80336.29,79650.0,88.4,844.0,1,TARGET HIT,-0.1811,10,75000,860.44,557.89,128.4,80320.0,76880.0,79650.0,-155.8,sub,2025-04-07,0,neutral,True,0.5,5.41,0.45,IS
2025-05-09,2025-05-09 11:00:00,2025-05-09 13:15:00,2025,BSE-SENSEX,VP_TRAIL_SWING,LONG,79572.8,79483.2,79222.23,80750.0,-129.6,-1335.98,0,TRAIL STOP,1.0,10,75000,638.86,350.57,1177.2,81120.0,80420.0,80750.0,1070.0,full,,0,neutral,True,1.0,-0.29,0.9,IS
2025-06-02,2025-06-02 10:30:00,2025-06-02 12:30:00,2025,BSE-SENSEX,VP_TRAIL_SWING,LONG,81340.0,81710.0,81061.0,81710.0,330.0,3260.0,1,TARGET HIT,1.0,10,75000,300.0,279.0,370.0,81960.0,81620.0,81710.0,499.0,full,,0,neutral,True,1.0,0.03,0.9,IS
2025-06-03,2025-06-03 11:45:00,2025-06-03 12:45:00,2025,BSE-SENSEX,VP_TRAIL_SWING,LONG,81436.1,81094.85,81094.85,81710.0,-381.25,-3852.52,0,TRAIL STOP,0.4475,10,75000,625.76,341.25,273.9,81960.0,81500.0,81710.0,280.0,full,,0,neutral,True,0.5,-0.73,0.45,IS
2025-06-04,2025-06-04 10:00:00,2025-06-05 09:15:00,2025,BSE-SENSEX,VP_TRAIL_SWING,LONG,81225.0,81272.36,80883.66,81710.0,7.36,33.61,1,BREAKEVEN,0.4117,10,75000,631.58,341.34,485.0,81920.0,81260.0,81710.0,260.0,full,,1,neutral,True,0.5,-0.55,0.45,IS
2025-06-05,2025-06-05 12:45:00,2025-06-05 13:30:00,2025,BSE-SENSEX,VP_TRAIL_SWING,SHORT,81917.0,81690.0,82307.37,81690.0,187.0,1830.0,1,TARGET HIT,0.255,10,75000,631.58,390.37,227.0,82020.0,81280.0,81690.0,161.05,full,,0,neutral,True,1.0,-0.45,0.9,IS
2025-06-06,2025-06-06 12:30:00,2025-06-06 15:15:00,2025,BSE-SENSEX,VP_TRAIL_SWING,SHORT,82322.7,82431.0,82693.47,81690.0,-148.3,-1523.0,0,SQUARE OFF,0.7717,10,75000,693.11,370.77,632.7,82020.0,81240.0,81690.0,534.85,full,,0,neutral,True,1.0,-0.28,0.9,IS
2025-06-10,2025-06-10 10:45:00,2025-06-11 09:15:00,2025,BSE-SENSEX,VP_TRAIL_SWING,SHORT,82601.6,82601.6,82937.55,81690.0,-40.0,-440.0,0,TRAIL STOP,1.0,10,75000,619.98,335.95,911.6,82020.0,81160.0,81690.0,792.85,full,,1,neutral,True,0.5,1.27,0.45,IS
2025-06-16,2025-06-16 10:00:00,2025-06-17 09:30:00,2025,BSE-SENSEX,VP_TRAIL_SWING,LONG,81357.8,81626.57,81009.65,82670.0,228.77,2247.73,1,TRAIL STOP,0.415,10,75000,669.95,348.15,1312.2,82960.0,81420.0,82670.0,278.0,full,,1,neutral,True,0.5,-1.53,0.45,IS
2025-06-24,2025-06-24 12:30:00,2025-06-25 09:15:00,2025,BSE-SENSEX,VP_TRAIL_SWING,SHORT,82493.4,82600.0,83233.9,81610.0,-146.6,-1506.0,0,CONTRACT ROLL,1.0,10,75000,300.0,740.5,883.4,82420.0,81320.0,81610.0,667.9,full,,0,neutral,True,1.0,-0.0,0.9,IS
2025-07-15,2025-07-15 10:00:00,2025-07-16 09:15:00,2025,BSE-SENSEX,VP_TRAIL_SWING,LONG,82574.0,82671.8,82165.67,83830.0,57.8,538.02,1,TRAIL STOP,1.0,10,75000,490.7,408.33,1256.0,84240.0,83340.0,83830.0,1070.0,full,,1,neutral,True,0.5,-1.31,0.45,IS
2025-07-16,2025-07-16 11:45:00,2025-07-17 09:30:00,2025,BSE-SENSEX,VP_TRAIL_SWING,LONG,82694.65,82694.65,82376.51,83830.0,-40.0,-440.0,0,TRAIL STOP,1.0,10,75000,486.75,318.14,1135.35,84320.0,83180.0,83830.0,705.35,full,,1,neutral,True,0.5,-1.33,0.45,IS
2025-07-21,2025-07-21 10:00:00,2025-07-22 11:00:00,2025,BSE-SENSEX,VP_TRAIL_SWING,LONG,82304.55,82306.1,81830.1,83830.0,-38.45,-424.5,0,TRAIL STOP,1.0,10,75000,476.6,474.45,1525.45,84320.0,82780.0,83830.0,850.0,full,,1,neutral,True,0.5,-0.98,0.45,IS
2025-07-22,2025-07-22 12:15:00,2025-07-22 15:15:00,2025,BSE-SENSEX,VP_TRAIL_SWING,LONG,82379.0,82293.7,82104.73,83830.0,-125.3,-1293.0,0,SQUARE OFF,0.7133,10,75000,476.6,274.27,1451.0,84320.0,82540.0,83830.0,339.95,full,,0,neutral,True,1.0,-0.27,0.9,IS
2025-07-29,2025-07-29 11:15:00,2025-07-30 09:15:00,2025,BSE-SENSEX,VP_TRAIL_SWING,LONG,80900.0,81796.0,80535.54,82350.0,856.0,8520.0,1,CONTRACT ROLL,1.0,10,75000,300.0,364.46,1450.0,83720.0,81300.0,82350.0,652.85,full,,0,neutral,True,0.5,-1.66,0.45,IS
2025-08-18,2025-08-18 12:00:00,2025-08-18 15:15:00,2025,BSE-SENSEX,VP_TRAIL_SWING,SHORT,81480.0,81552.8,81896.56,80830.0,-112.8,-1168.0,0,SQUARE OFF,0.8433,10,75000,629.3,416.56,650.0,81240.0,80380.0,80830.0,530.7,full,,0,neutral,True,1.0,-0.27,0.9,IS
2025-09-02,2025-09-02 13:00:00,2025-09-02 13:45:00,2025,BSE-SENSEX,VP_TRAIL_SWING,SHORT,81080.25,80730.0,81240.0,80730.0,310.25,3062.5,1,TARGET HIT,0.9333,10,75000,300.0,159.75,350.25,80900.0,80520.0,80730.0,280.0,full,,0,neutral,True,1.0,-0.65,0.9,IS
2025-09-04,2025-09-04 10:30:00,2025-09-05 09:15:00,2025,BSE-SENSEX,VP_TRAIL_SWING,SHORT,81275.55,81275.55,81672.03,80630.0,-40.0,-440.0,0,TRAIL STOP,0.8991,10,75000,578.39,396.48,645.55,81040.0,80500.0,80630.0,520.0,full,,1,neutral,True,1.0,0.24,0.9,IS
2025-09-15,2025-09-15 10:30:00,2025-09-15 15:15:00,2025,BSE-SENSEX,VP_TRAIL_SWING,SHORT,82039.5,82056.45,82293.41,81830.0,-56.95,-609.5,0,SQUARE OFF,0.6643,10,75000,432.05,253.91,209.5,81920.0,80740.0,81830.0,287.0,full,,0,neutral,True,0.5,1.29,0.45,IS
2025-10-01,2025-10-01 12:15:00,2025-10-01 14:15:00,2025,BSE-SENSEX,VP_TRAIL_SWING,SHORT,81448.55,81544.75,81623.55,81010.0,-136.2,-1402.0,0,TRAIL STOP,0.4785,10,75000,300.0,175.0,438.55,81420.0,80920.0,81010.0,143.55,full,,0,neutral,True,1.0,-1.59,0.9,IS
2025-10-08,2025-10-08 10:00:00,2025-10-09 09:15:00,2025,BSE-SENSEX,VP_TRAIL_SWING,SHORT,82461.7,82325.6,82815.35,81510.0,96.1,921.03,1,TRAIL STOP,1.0,10,75000,607.59,353.65,951.7,81720.0,80860.0,81510.0,969.95,full,,1,neutral,True,0.5,1.54,0.45,IS
2025-10-14,2025-10-14 11:00:00,2025-10-15 09:15:00,2025,BSE-SENSEX,VP_TRAIL_SWING,SHORT,82550.0,82431.62,82894.42,81510.0,78.38,743.81,1,TRAIL STOP,0.5381,10,75000,613.24,344.42,1040.0,82440.0,80860.0,81510.0,330.0,full,,1,neutral,True,0.5,0.55,0.45,IS
2025-10-17,2025-10-17 13:00:00,2025-10-17 14:45:00,2025,BSE-SENSEX,VP_TRAIL_SWING,SHORT,83962.6,84242.01,84372.92,81510.0,-319.41,-3234.13,0,TRAIL STOP,1.0,10,75000,614.62,410.32,2452.6,82760.0,80860.0,81510.0,1490.0,full,,0,neutral,True,0.5,1.37,0.45,IS
2025-10-24,2025-10-24 10:30:00,2025-10-27 09:15:00,2025,BSE-SENSEX,VP_TRAIL_SWING,SHORT,84423.4,84343.66,84771.22,81510.0,39.74,357.39,1,TRAIL STOP,1.0,10,75000,604.22,347.82,2913.4,83680.0,80820.0,81510.0,968.8,full,,1,neutral,True,0.5,2.09,0.45,IS
2025-10-28,2025-10-28 10:00:00,2025-10-28 15:15:00,2025,BSE-SENSEX,VP_TRAIL_SWING,SHORT,84700.65,84771.7,85108.97,81510.0,-111.05,-1150.5,0,SQUARE OFF,1.0,10,75000,621.37,408.32,3190.65,84080.0,80820.0,81510.0,904.7,full,,0,neutral,True,0.5,1.06,0.45,IS
2025-11-06,2025-11-06 10:45:00,2025-11-06 13:45:00,2025,BSE-SENSEX,VP_TRAIL_SWING,LONG,83969.65,83848.65,83741.15,84570.0,-161.0,-1650.0,0,TRAIL STOP,0.5295,10,75000,300.0,228.5,600.35,84820.0,83960.0,84570.0,158.85,full,,0,neutral,True,0.5,-1.0,0.45,IS
2025-11-07,2025-11-07 11:00:00,2025-11-10 09:15:00,2025,BSE-SENSEX,VP_TRAIL_SWING,LONG,83382.4,83870.0,83059.94,83870.0,447.6,4436.0,1,TARGET HIT,0.9873,10,75000,567.19,322.46,487.6,84800.0,83740.0,83870.0,560.0,full,,1,neutral,True,0.5,-1.58,0.45,IS
2025-11-13,2025-11-13 13:45:00,2025-11-14 09:30:00,2025,BSE-SENSEX,VP_TRAIL_SWING,SHORT,84950.0,84765.66,85300.29,83870.0,144.34,1403.37,1,TRAIL STOP,0.5338,10,75000,571.33,350.29,1080.0,84880.0,83700.0,83870.0,305.0,full,,1,neutral,True,0.5,1.13,0.45,IS
2025-11-21,2025-11-21 10:00:00,2025-11-21 12:45:00,2025,BSE-SENSEX,VP_TRAIL_SWING,SHORT,85422.4,85698.71,85973.8,84850.0,-316.31,-3203.06,0,TRAIL STOP,1.0,10,75000,530.27,551.4,572.4,85260.0,83880.0,84850.0,607.75,full,,0,neutral,True,0.5,1.21,0.45,IS
2025-11-21,2025-11-21 13:00:00,2025-11-24 09:15:00,2025,BSE-SENSEX,VP_TRAIL_SWING,SHORT,85525.25,85525.25,85805.05,84850.0,-40.0,-440.0,0,TRAIL STOP,0.8142,10,75000,539.2,279.8,675.25,85260.0,83840.0,84850.0,439.0,full,,1,neutral,True,0.5,1.21,0.45,IS
2025-11-27,2025-11-27 11:45:00,2025-11-28 09:15:00,2025,BSE-SENSEX,VP_TRAIL_SWING,SHORT,85811.55,86310.0,86157.32,84850.0,-538.45,-5424.5,0,CONTRACT ROLL,1.0,10,75000,300.0,345.77,961.55,85660.0,84160.0,84850.0,390.0,full,,0,neutral,True,1.0,0.41,0.9,IS
2025-12-03,2025-12-03 11:30:00,2025-12-04 09:15:00,2025,BSE-SENSEX,VP_TRAIL_SWING,LONG,85455.6,85455.6,85285.0,85790.0,-40.0,-440.0,0,BREAKEVEN,0.7635,10,75000,464.99,170.6,334.4,86480.0,85700.0,85790.0,355.0,full,,1,neutral,True,1.0,1.38,0.9,IS
2025-12-09,2025-12-09 10:15:00,2025-12-09 15:15:00,2025,BSE-SENSEX,VP_TRAIL_SWING,LONG,85099.5,85062.0,84754.37,85750.0,-77.5,-815.0,0,SQUARE OFF,0.9088,10,75000,528.17,345.13,650.5,86160.0,85340.0,85750.0,480.0,full,,0,neutral,True,0.5,-0.92,0.45,IS
2025-12-10,2025-12-10 13:15:00,2025-12-10 15:15:00,2025,BSE-SENSEX,VP_TRAIL_SWING,LONG,84966.35,84703.85,84642.42,85750.0,-302.5,-3065.0,0,SQUARE OFF,0.7165,10,75000,542.89,323.93,783.65,86200.0,85140.0,85750.0,389.0,full,,0,neutral,True,0.5,-0.93,0.45,IS
2025-12-11,2025-12-11 10:30:00,2025-12-12 10:15:00,2025,BSE-SENSEX,VP_TRAIL_SWING,LONG,84914.8,85307.89,84440.24,85750.0,353.09,3490.86,1,BREAKEVEN,1.0,10,75000,536.03,474.56,835.2,86360.0,85140.0,85750.0,588.35,full,,1,neutral,True,0.5,-1.1,0.45,IS
2025-12-18,2025-12-18 10:15:00,2025-12-18 15:15:00,2025,BSE-SENSEX,VP_TRAIL_SWING,LONG,84751.95,84609.0,84368.98,85090.0,-182.95,-1869.5,0,SQUARE OFF,0.3977,10,75000,520.36,382.97,338.05,85820.0,84680.0,85090.0,206.95,full,,0,neutral,True,1.0,0.08,0.9,IS
2026-02-20,2026-02-20 10:15:00,2026-02-20 15:15:00,2026,BSE-SENSEX,VP_TRAIL_SWING,LONG,82880.05,82872.6,82432.1,84090.0,-47.45,-514.5,0,SQUARE OFF,0.3656,10,75000,721.23,447.95,1209.95,84620.0,82840.0,84090.0,263.65,full,,0,neutral,True,0.5,-1.73,0.45,OOS
2026-02-24,2026-02-24 13:45:00,2026-02-25 09:15:00,2026,BSE-SENSEX,VP_TRAIL_SWING,LONG,82282.95,82553.86,81913.62,84090.0,230.91,2269.07,1,TRAIL STOP,1.0,10,75000,684.29,369.33,1807.05,84620.0,82840.0,84090.0,795.0,full,,1,neutral,True,1.0,-0.19,0.9,OOS
2026-03-09,2026-03-09 10:45:00,2026-03-10 09:45:00,2026,BSE-SENSEX,VP_TRAIL_SWING,LONG,77428.9,78053.0,76715.29,79770.0,584.1,5800.96,1,BREAKEVEN,1.0,10,75000,1116.91,713.61,2341.1,80580.0,78920.0,79770.0,1966.55,full,,1,neutral,True,0.5,-3.58,0.45,OOS
2026-03-10,2026-03-10 10:30:00,2026-03-11 09:15:00,2026,BSE-SENSEX,VP_TRAIL_SWING,LONG,78472.25,78472.25,77868.97,79770.0,-40.0,-440.0,0,TRAIL STOP,0.2129,10,75000,1163.06,603.28,1297.75,81060.0,78340.0,79770.0,247.65,full,,1,neutral,True,0.5,-4.89,0.45,OOS
2026-03-16,2026-03-16 11:00:00,2026-03-17 11:15:00,2026,BSE-SENSEX,VP_TRAIL_SWING,LONG,74580.0,75533.84,73888.42,77510.0,913.84,9098.37,1,BREAKEVEN,1.0,10,75000,1175.72,691.58,2930.0,78200.0,75360.0,77510.0,1231.65,sub,2026-03-09,1,neutral,True,0.5,-5.63,0.45,OOS
2026-03-24,2026-03-24 11:30:00,2026-03-25 09:30:00,2026,BSE-SENSEX,VP_TRAIL_SWING,LONG,73482.65,75050.0,72853.0,75050.0,1527.35,15233.5,1,TARGET HIT,1.0,10,75000,1189.57,629.65,1567.35,77340.0,74360.0,75050.0,1271.35,sub,2026-03-09,1,neutral,True,0.5,-3.86,0.45,OOS
2026-04-02,2026-04-02 13:15:00,2026-04-02 13:30:00,2026,BSE-SENSEX,VP_TRAIL_SWING,LONG,73115.15,73030.95,72536.15,74250.0,-124.2,-1282.0,0,TRAIL STOP,1.0,10,75000,300.0,579.0,1134.85,75140.0,73240.0,74250.0,643.85,full,,0,neutral,True,1.0,1.63,0.9,OOS
2026-04-16,2026-04-16 11:45:00,2026-04-16 14:30:00,2026,BSE-SENSEX,VP_TRAIL_SWING,SHORT,78146.0,78146.0,78828.91,77510.0,-40.0,-440.0,0,BREAKEVEN,0.559,10,75000,1144.81,682.91,636.0,77960.0,76540.0,77510.0,639.95,sub,2026-04-08,0,neutral,True,0.5,4.34,0.45,OOS
2026-04-20,2026-04-20 13:15:00,2026-04-21 09:15:00,2026,BSE-SENSEX,VP_TRAIL_SWING,SHORT,78650.0,78650.0,79244.54,77870.0,-40.0,-440.0,0,TRAIL STOP,0.6178,10,75000,1073.19,594.54,780.0,78360.0,76900.0,77870.0,663.0,sub,2026-04-08,1,neutral,True,0.5,2.18,0.45,OOS
2026-04-22,2026-04-22 10:00:00,2026-04-22 15:15:00,2026,BSE-SENSEX,VP_TRAIL_SWING,SHORT,78502.5,78596.95,79569.09,77870.0,-134.45,-1384.5,0,SQUARE OFF,0.8281,10,75000,1020.46,1066.59,632.5,78520.0,76900.0,77870.0,845.0,sub,2026-04-08,0,neutral,True,0.5,2.95,0.45,OOS
2026-04-30,2026-04-30 12:00:00,2026-05-04 09:15:00,2026,BSE-SENSEX,VP_TRAIL_SWING,LONG,76649.0,77900.05,76108.94,77890.0,1211.05,12070.5,1,CONTRACT ROLL,1.0,10,75000,300.0,540.06,1241.0,78460.0,76840.0,77890.0,566.6,sub,2026-04-08,0,neutral,True,0.5,-1.52,0.45,OOS
2026-05-07,2026-05-07 12:45:00,2026-05-07 13:15:00,2026,BSE-SENSEX,VP_TRAIL_SWING,SHORT,78459.95,78330.0,78809.9,78330.0,89.95,859.5,1,TARGET HIT,0.433,10,75000,300.0,349.95,129.95,78620.0,77680.0,78330.0,129.9,full,,0,neutral,True,0.5,2.12,0.45,OOS
