feature,ic_pearson,ic_p_pvalue,ic_spearman,ic_s_pvalue,ic_p_ci_lo,ic_p_ci_hi,sign_match,n,feat_std,abs_ic_p
poi_client_fut_stk_short,-0.3508375454592384,5.046922307233452e-06,-0.26033471359558313,0.0008522612559933514,-0.5415739621630608,-0.1736381423720211,0.43478260869565216,161,40102.62011280796,0.3508375454592384
deleq_universe_notional,-0.2852306991206018,0.0002449755364508765,-0.23375891419369682,0.002841186743535232,-0.41720719027593783,-0.14564482098911904,0.4472049689440994,161,2740401219.3207293,0.2852306991206018
poi_client_total_long,-0.2684425335556317,0.0005752340267988244,-0.22450253048079136,0.004195690029932428,-0.4119277849036867,-0.10803807361527162,0.4472049689440994,161,1509086.9833526642,0.2684425335556317
poi_client_total_short,-0.2573264859256761,0.0009830288548093903,-0.22351621808143549,0.004369801290391927,-0.4040826316286928,-0.09452783310096731,0.4472049689440994,161,1331336.6273026294,0.2573264859256761
mkt_stk_opt_crore,-0.2540793691711405,0.0011446419950701368,-0.2406199677938809,0.002107575744232834,-0.4046105147818907,-0.10858335986258016,0.39751552795031053,161,150085.31072114536,0.2540793691711405
fii_stats_stk_opt_sell_crore,-0.2495677041044258,0.001409693482643739,-0.2526800092017484,0.0012215134400999739,-0.3992352553243397,-0.10575713270658418,0.38509316770186336,161,11849.461016662224,0.2495677041044258
mkt_stk_opt_contracts,-0.24938288425030294,0.0014216603273959284,-0.23551874856222688,0.002633742540797298,-0.4018297176801871,-0.10675511641828735,0.38509316770186336,161,2137128.2934439764,0.24938288425030294
fii_stats_stk_opt_sell_contracts,-0.24799127633745113,0.0015147867750762915,-0.24889579020013808,0.0014536447786245694,-0.3971465158784946,-0.1086278270372812,0.38509316770186336,161,165702.22644826246,0.24799127633745113
poi_pro_total_short,-0.24600055457885953,0.001657699393086799,-0.21063664596273293,0.007318057784233658,-0.3509744131552133,-0.10897969564756525,0.45962732919254656,161,975946.6890679791,0.24600055457885953
fii_stats_stk_opt_buy_crore,-0.24279320643113803,0.0019139767705568602,-0.243377616747182,0.0018647514532370085,-0.4026956636689811,-0.10714990238287189,0.39751552795031053,161,11954.795166205282,0.24279320643113803
poi_pro_total_long,-0.24254231814223826,0.0019354696041256354,-0.21350356567747875,0.0065405087836468015,-0.35999197215771817,-0.09793301736358752,0.45962732919254656,161,846442.689100737,0.24254231814223826
fii_stats_stk_opt_buy_contracts,-0.24111660314999844,0.002061828897473109,-0.24443869335173685,0.0017783108739792006,-0.40776368511630806,-0.10053616739159832,0.39751552795031053,161,167110.10267246197,0.24111660314999844
poi_dii_total_short,-0.21422313687906275,0.006357292066862411,-0.1739906832298137,0.02728915109994571,-0.3584803721191969,-0.07194354932987729,0.484472049689441,161,271288.90286043973,0.21422313687906275
poi_pro_fut_stk_short,-0.20608512785430125,0.00872187180454696,-0.18674085576259494,0.017696069254689306,-0.3347854698282665,-0.08494681111779182,0.422360248447205,161,115505.10288653265,0.20608512785430125
pvol_fii_fut_stk_short,-0.20368910284941863,0.009552669147424512,-0.09618414998849782,0.2248444183491284,-0.29667836998249986,-0.0991864851356377,0.5093167701863354,161,644792.947714091,0.20368910284941863
pvol_fii_fut_stk_long,-0.2026160323851056,0.009946881233927604,-0.08737922705314012,0.2703796229559772,-0.3000961488006776,-0.08966240817825355,0.5093167701863354,161,650104.6494185529,0.2026160323851056
fii_stats_stk_fut_sell_crore,-0.20138205092145778,0.010417892268708304,-0.1478117092247527,0.06131758191329594,-0.3007359186995254,-0.09151347182443156,0.4720496894409938,161,42953.621760006004,0.20138205092145778
fii_stats_stk_fut_buy_crore,-0.20132142511673395,0.010441531497642379,-0.1257994018863584,0.11181190921489277,-0.29401055049180785,-0.08573412234684671,0.4720496894409938,161,43441.558521043735,0.20132142511673395
poi_client_opt_idx_pe_long,-0.20048606160056348,0.010772102932602763,-0.18589832068092937,0.018224532737403883,-0.3139546402925172,-0.08374194582105535,0.4472049689440994,161,520621.84058705,0.20048606160056348
poi_client_opt_idx_pe_short,-0.19881195346251446,0.011462433763840284,-0.17508051529790664,0.0263238903198343,-0.334348568554318,-0.057053007062107114,0.484472049689441,161,508397.61070672947,0.19881195346251446
poi_client_fut_idx_net,0.19838396361952004,0.011645043707503895,0.2020531400966184,0.010159355014248436,-0.008813958007973787,0.40232129956615176,0.5714285714285714,161,26882.69528915921,0.19838396361952004
fii_stats_stk_fut_sell_contracts,-0.1977917061667931,0.0119019563471282,-0.10243846330802853,0.19598511961472542,-0.29109135155496285,-0.09530128195155005,0.4968944099378882,161,656617.3844455692,0.1977917061667931
fii_stats_stk_fut_buy_contracts,-0.1967891566085288,0.01234820458054229,-0.09405912123303428,0.23530250404897218,-0.28902069291416793,-0.08984412216763937,0.5093167701863354,161,661883.3573927872,0.1967891566085288
fii_stats_idx_opt_eod_oi_crore,-0.19499287939685125,0.013184558641198824,-0.16712100299056823,0.03409636439538046,-0.320354421780796,-0.07486320395799964,0.4720496894409938,161,81304.25614524767,0.19499287939685125
nifty_max_ce_oi_strike,-0.1918350241128398,0.014775588806187283,-0.19360384559696694,0.01386491047490798,-0.3720078731792989,-0.016699503146977584,0.45962732919254656,161,853.3075263186477,0.1918350241128398
poi_client_fut_stk_long,-0.19068685307095834,0.01539429443736565,-0.16300034506556246,0.0388317965005948,-0.34116867055976063,-0.018648703825608775,0.484472049689441,161,147331.31041517048,0.19068685307095834
poi_fii_opt_idx_pe_short,-0.1899626090831991,0.01579607611500768,-0.1454077524729699,0.06570432881552732,-0.3279478662905525,-0.06886206320124438,0.4968944099378882,161,120263.12616132607,0.1899626090831991
poi_fii_opt_idx_ce_long,-0.1883184840209563,0.01674223061889632,-0.1955314009661836,0.012928762103210768,-0.3219876121364226,-0.06145226098988644,0.45962732919254656,161,134981.27385933997,0.1883184840209563
poi_pro_opt_idx_pe_short,-0.18556058228450006,0.018440184476717764,-0.15804865424430645,0.045242777405709034,-0.29781435471636003,-0.07048210604030232,0.45962732919254656,161,216254.53099140455,0.18556058228450006
fii_stats_stk_opt_eod_oi_crore,-0.18328899190889855,0.019948932223790614,-0.1310098918794571,0.09761572044138173,-0.299056777178749,-0.05743176415111486,0.45962732919254656,161,19029.429934847594,0.18328899190889855
poi_dii_total_net,0.1810092225602127,0.021569265352154348,0.15434782608695655,0.050591853288531594,0.011540585607876337,0.3434380371307897,0.5093167701863354,161,291087.8398334332,0.1810092225602127
poi_pro_opt_idx_pe_long,-0.1805085198510635,0.02193996019654925,-0.17007418909592822,0.03101158942824232,-0.3265150909320314,-0.035038607641526345,0.4472049689440994,161,214205.16430873694,0.1805085198510635
fii_stats_bn_opt_eod_oi_crore,-0.17764184189377977,0.024169718450605972,-0.11824534161490685,0.13519634386666765,-0.30016397943606105,-0.035856114119747054,0.45962732919254656,161,20847.42010722942,0.17764184189377977
poi_client_opt_idx_ce_short,-0.175361232739629,0.026080045824346306,-0.1840177133655395,0.019453701952388047,-0.30861914714678557,0.0009326648013594147,0.45962732919254656,161,611459.7635415661,0.175361232739629
banknifty_atm_strike,-0.17333841846617157,0.027881208229622964,-0.1741992312558337,0.027102134747340155,-0.37142277845352184,0.014480440283288192,0.4409937888198758,161,2498.9485366489394,0.17333841846617157
pvol_dii_fut_idx_short,-0.17319283324224594,0.02801484229163042,-0.04141089237125275,0.6019663101769754,-0.29866019797635773,-0.06806015260176945,0.5093167701863354,161,13145.078819113802,0.17319283324224594
fii_stats_stk_opt_eod_oi_contracts,-0.17224936963777177,0.028894179892004865,-0.11397515527950314,0.14997786286960668,-0.30023117033539504,-0.05089815822420595,0.4968944099378882,161,292423.77935931535,0.17224936963777177
banknifty_spot,-0.17156685995373577,0.02954487682359652,-0.17409707844490455,0.027193603366107037,-0.3734261757298034,0.028730069989725424,0.4472049689440994,161,2498.547994541387,0.17156685995373577
pvol_dii_fut_idx_long,-0.170970060740667,0.030124048994370718,-0.07838090818035032,0.3229987212703208,-0.2860014858866701,-0.0629809408993278,0.484472049689441,161,13209.029904004734,0.170970060740667
banknifty_atm_straddle,0.17073897190370485,0.03035089377935893,0.2612520128824477,0.0008156882767831186,0.03597148838802519,0.3072558780277114,0.546583850931677,161,24664.682663202675,0.17073897190370485
poi_pro_fut_stk_long,-0.16425980112866184,0.03732899534143367,-0.141393489763055,0.07359832591988393,-0.2798768999942734,-0.04276633506108114,0.45962732919254656,161,92352.78739094798,0.16425980112866184
poi_client_opt_idx_ce_long,-0.16333648843810072,0.0384258081895591,-0.1612203818725558,0.04104224486553494,-0.30971793419203286,0.019934005257715513,0.4720496894409938,161,629819.8046851247,0.16333648843810072
poi_client_total_net,-0.16248648860907441,0.03945939689249902,-0.10348228663446056,0.19144308374042276,-0.27968859056534684,-0.05530348601873096,0.484472049689441,161,384739.4193463793,0.16248648860907441
poi_pro_total_net,0.16044045751333635,0.042043551365989466,0.14157464918334486,0.07322623708688175,0.051347545290677296,0.2719723317273612,0.5341614906832298,161,216810.9920665772,0.16044045751333635
mkt_stk_fut_crore,-0.16042007781309012,0.042069987962565496,-0.17942259029215554,0.022762835020945466,-0.27083644791779765,-0.0597084818560831,0.45962732919254656,161,91629.9836798072,0.16042007781309012
banknifty_max_pain,-0.16020085320770733,0.04235524874103787,-0.14257064345027864,0.07120767489039735,-0.3304380681167844,0.033605088832535636,0.4409937888198758,161,2131.928238103328,0.16020085320770733
fii_stats_ni_opt_eod_oi_crore,-0.15926535933161076,0.04359081540506268,-0.13680124223602486,0.08355295726848552,-0.2945660638301332,-0.01040638417465324,0.4720496894409938,161,70451.14583205325,0.15926535933161076
fii_stats_idx_opt_eod_oi_contracts,-0.15784749683736388,0.04552086835799943,-0.1261818495514148,0.11071789901235458,-0.2977658775877352,-0.01634859757252096,0.45962732919254656,161,532813.5155568293,0.15784749683736388
mkt_stk_fut_contracts,-0.15710054907979287,0.04656600529809585,-0.14408212560386474,0.06823090912839266,-0.2538958318937741,-0.051193205352302554,0.45962732919254656,161,1394939.8234839996,0.15710054907979287
poi_fii_fut_idx_net,-0.1528523923133987,0.05289735507789668,-0.19810213940648727,0.011766680789021145,-0.38208487656383877,0.06824676717951714,0.43478260869565216,161,41272.19376336802,0.1528523923133987
fii_stats_bn_opt_eod_oi_contracts,-0.15260699991220072,0.05328385594533157,-0.09547539644829103,0.2282952640283774,-0.2751961135314818,-0.001793853397689475,0.484472049689441,161,127715.01656157376,0.15260699991220072
nifty_max_pain,-0.14824283200789612,0.06055686494905574,-0.1922819629318588,0.014540685337042832,-0.3988035900487742,0.07838131173693326,0.4472049689440994,161,907.8595954392155,0.14824283200789612
nifty_atm_strike,-0.1456727819517086,0.06520847419890348,-0.19175394859939013,0.014818553851271654,-0.3942406664973546,0.07853889264899866,0.453416149068323,161,946.5662035165589,0.1456727819517086
nifty_spot,-0.14534028884899744,0.06583103967877323,-0.19132173864289126,0.015049443684988204,-0.3937059668671292,0.0786816272128381,0.4472049689440994,161,945.1263615953033,0.14534028884899744
banknifty_volt_annual,0.14432560979651568,0.06776099899261229,0.1340263400046009,0.09007373643491212,0.0016684424051450653,0.3311087822452462,0.546583850931677,161,0.01716857701489003,0.14432560979651568
banknifty_volt_spot_d,0.14387300772202538,0.06863660967337093,0.1343265236596057,0.08934933382629079,-0.004336544744206001,0.3325718053535025,0.546583850931677,161,0.000898727010924306,0.14387300772202538
banknifty_volt_d,0.14387300772202538,0.06863660967337093,0.1343265236596057,0.08934933382629079,-0.010289105596893475,0.29958049768207634,0.546583850931677,161,0.000898727010924306,0.14387300772202538
banknifty_volt_fut_d,0.1433184873117021,0.06972192530930273,0.1331799591491165,0.09214145394907212,-0.005828359864829093,0.3425671729826438,0.546583850931677,161,0.0009277755306384219,0.1433184873117021
nifty_volt_spot_d,0.13613103161798143,0.08509212375617177,0.1316870361919549,0.09588057854789202,-0.02481733636217158,0.3248819371233081,0.5341614906832298,161,0.0005807001598872874,0.13613103161798143
poi_pro_fut_idx_short,-0.13489377618610715,0.08799313559409082,-0.11416502341058808,0.14929569626368705,-0.24940755837229295,-0.036550801175662596,0.4968944099378882,161,9383.006465871531,0.13489377618610715
nifty_volt_annual,0.1339196336041379,0.09033236524954827,0.12942834138486314,0.10176519140997649,-0.030827102505907974,0.3500056582258908,0.5341614906832298,161,0.011365791248437387,0.1339196336041379
nifty_volt_d,0.13382310547504286,0.09056683410800186,0.13202638018091903,0.09502027591043266,-0.028552302896466927,0.32754113266862944,0.5341614906832298,161,0.0005949013815776631,0.13382310547504286
fii_stats_idx_fut_buy_crore,-0.1323554729175347,0.09419182386451133,-0.08568553025074765,0.27981057538258436,-0.24058070319047484,-0.0042790788185001075,0.4720496894409938,161,3437.6374588542926,0.1323554729175347
nifty_volt_fut_d,0.13108320675362004,0.09742666389910096,0.130320871211849,0.09940671517803137,-0.0354158671957194,0.30814803484776415,0.5341614906832298,161,0.0005963004111713499,0.13108320675362004
poi_client_fut_idx_short,-0.13085529636753368,0.09801532657015975,-0.05833333333333334,0.4623236830190347,-0.2685342866817246,0.04736475376315666,0.484472049689441,161,18240.150293801045,0.13085529636753368
fii_stats_idx_fut_buy_contracts,-0.13067516448954664,0.09848257201781985,-0.06989302967563837,0.3783118690413252,-0.24269887463476386,0.0011670029907999105,0.4720496894409938,161,20904.497565607668,0.13067516448954664
poi_fii_total_long,-0.130637904046368,0.09857944171693124,-0.08730446284794112,0.2707913196416815,-0.2707144511019097,0.013525637027225791,0.484472049689441,161,573516.6092804273,0.130637904046368
fii_stats_ni_opt_eod_oi_contracts,-0.13045492193561462,0.09905625282717505,-0.1079940188635841,0.17269195641501583,-0.27783304601643516,-0.00014610712153780817,0.484472049689441,161,452931.4427693642,0.13045492193561462
sec_ban_count,-0.1304102782143789,0.09811326432164692,-0.1183923652157075,0.13348428822211034,-0.27973555649437554,0.006930336132037081,0.46296296296296297,162,0.8441102095433861,0.1304102782143789
poi_fii_fut_idx_short,0.12943530840853557,0.1017466119331942,0.15778709295717572,0.04560465199499903,-0.13652824020151552,0.35417513891174174,0.5590062111801242,161,49898.7960857465,0.12943530840853557
fii_stats_bn_fut_buy_crore,-0.12749286116343708,0.10703112926382032,-0.14442719116632163,0.0675657340589845,-0.24341684032986388,-0.027448113781287063,0.4472049689440994,161,677.8273234280174,0.12749286116343708
banknifty_opt_idx_mkt_crore,0.12724813138718408,0.10771193407462462,-0.07723717506326203,0.33013136989782743,-0.00012722989485998207,0.23912011174022152,0.4968944099378882,161,2896145.639643198,0.12724813138718408
poi_fii_opt_idx_pe_long,-0.12713922131005134,0.1080159970057042,-0.07048826777087648,0.37425427510242026,-0.2496219841670822,0.011593156658839329,0.4968944099378882,161,154928.7619212411,0.12713922131005134
fii_stats_ni_fut_eod_oi_crore,0.1267509567932057,0.10910546097261004,0.10870715435932829,0.16985714073649616,-0.11045150177725596,0.36894435204279047,0.5341614906832298,161,6265.816778272684,0.1267509567932057
pvol_fii_fut_idx_long,-0.1260876208288706,0.11098666442143737,-0.04989072923855533,0.5296755410551655,-0.2478237400258097,0.017257464288243294,0.484472049689441,161,21067.435634751062,0.1260876208288706
deleq_universe_fut_eq,-0.12552993573897522,0.11258778960130059,-0.11815332413158502,0.1355026557374328,-0.2437551757057553,0.003354637771919747,0.4720496894409938,161,763981374.9105988,0.12552993573897522
poi_pro_opt_idx_ce_short,-0.12508314524053143,0.11388350089610212,-0.13209684840119623,0.09484239574717496,-0.26722788190705904,0.030917196690692594,0.4720496894409938,161,278929.4679859049,0.12508314524053143
pvol_fii_opt_idx_ce_long,0.12472255135311636,0.11493769525874192,0.09746664366229585,0.21869425606346699,-0.01689239811151517,0.28795044120552693,0.5217391304347826,161,3577746.113442387,0.12472255135311636
fii_stats_bn_fut_buy_contracts,-0.1242309742066042,0.11638704837604989,-0.12376504181410046,0.11777388224774626,-0.2411047725278045,-0.018884081147335075,0.45962732919254656,161,3799.248634230848,0.1242309742066042
pvol_dii_total_long,-0.12415079722995849,0.11662478321489034,-0.1072780078214861,0.17557330812626815,-0.23582472876359267,0.001236317622887944,0.45962732919254656,161,363581.0364671341,0.12415079722995849
pvol_dii_fut_stk_long,-0.12393292299176278,0.117272716226432,-0.11079192546583853,0.16176815744363335,-0.23347482552611395,0.0019380436556765556,0.45962732919254656,161,343516.0900996129,0.12393292299176278
pvol_fii_opt_idx_ce_short,0.12377973023699952,0.11772996740282848,0.0960978835978836,0.2252624559729798,-0.013903638868739888,0.27233501798282184,0.5217391304347826,161,3575671.968870415,0.12377973023699952
pvol_dii_fut_stk_short,-0.1229424945206267,0.12025348063833152,-0.11415056360708536,0.1493475654283731,-0.24674462112716916,-0.024683075323739617,0.4720496894409938,161,345488.90873092914,0.1229424945206267
pvol_dii_total_short,-0.12215609148471787,0.12266179446401428,-0.09844432942259031,0.21408688073142618,-0.24290015928833622,-0.0037850006932506957,0.4720496894409938,161,353232.39777951385,0.12215609148471787
fii_stats_ni_fut_buy_crore,-0.12192125595096975,0.12338815450997083,-0.05678628939498506,0.4742997967356075,-0.2564899586524554,-0.008772361505035246,0.4720496894409938,161,2502.7471441907855,0.12192125595096975
fii_stats_ni_fut_buy_contracts,-0.12169005684576809,0.12410651199029149,-0.04933287324591673,0.534293625981441,-0.26143140653603286,0.03653259590668818,0.4720496894409938,161,15412.447071199158,0.12169005684576809
banknifty_pe_vol_total,0.12018364791590938,0.12886646903392374,-0.07526455026455027,0.3426686277386157,0.009030771442605546,0.256188837353486,0.4968944099378882,161,7547152.002995859,0.12018364791590938
nifty_atm_straddle,0.11871892142983392,0.13362824621085412,0.18221932111147363,0.020695597626671173,-0.01394257469414024,0.2539143144421925,0.5838509316770186,161,20676.58274875729,0.11871892142983392
poi_pro_opt_idx_ce_long,-0.11811736097213442,0.13562251570924855,-0.12572176213480565,0.1120350295115787,-0.24746464892090708,0.029284296405818866,0.4720496894409938,161,256341.12375160417,0.11811736097213442
banknifty_opt_idx_mkt_contracts,0.11738008147574601,0.13809767593140382,-0.07860305958132045,0.3216249517330479,-0.007748798103941324,0.25592759271009113,0.4968944099378882,161,15544336.778598493,0.11738008147574601
banknifty_ce_vol_total,0.11698324751479237,0.1394441063907833,-0.07924718196457328,0.31766313675082875,-0.005297503932408584,0.26178880890320877,0.5093167701863354,161,7848232.983847811,0.11698324751479237
fii_stats_idx_fut_eod_oi_crore,0.1145353045159897,0.1479720852252504,0.1055268000920175,0.18276988245028195,-0.13128974154090253,0.3557001980311043,0.5714285714285714,161,7875.183641748091,0.1145353045159897
fii_stats_ni_fut_eod_oi_contracts,0.11406115068234048,0.14966860361219744,0.11785426731078906,0.13650183712158814,-0.12434311811446529,0.366982045754485,0.5341614906832298,161,49729.68870389299,0.11406115068234048
fii_stats_bn_opt_buy_crore,0.11228447437077121,0.15615641266255248,-0.05662813434552566,0.47553356008528236,-0.013514640060328554,0.24347259971019547,0.45962732919254656,161,189093.3719295922,0.11228447437077121
fii_stats_bn_opt_sell_crore,0.11144792920493193,0.15928339074359465,-0.05584311019093628,0.4816832414169303,-0.019340443362111024,0.23782598848953002,0.45962732919254656,161,190159.06945602936,0.11144792920493193
poi_fii_total_net,-0.10999895681954665,0.16481026824009012,-0.17451415812213947,0.026821799821401583,-0.33133299845030584,0.10900333351472159,0.422360248447205,161,226910.3313378303,0.10999895681954665
poi_dii_fut_stk_short,-0.1072378629754228,0.1757359031960346,-0.11992466068553026,0.12969878694440104,-0.23781062620970705,0.042085864081501924,0.4720496894409938,161,233222.30059705614,0.1072378629754228
poi_client_fut_stk_net,-0.10711596938600847,0.17623027950898182,-0.10244133885438234,0.1959725006027303,-0.2451121972855575,0.03320100664835876,0.484472049689441,161,130929.48899605857,0.10711596938600847
fii_stats_idx_fut_eod_oi_contracts,0.10562229239902914,0.18237195819439325,0.10625431331953072,0.17975430779309381,-0.1527148035391642,0.31507692592183356,0.5341614906832298,161,62569.921730407965,0.10562229239902914
poi_dii_opt_idx_ce_short,0.10518038068802339,0.18421879186677384,0.11133228023822271,0.15971934881991934,-0.12287272097857083,0.3284985063549934,0.5590062111801242,161,407.3038901466219,0.10518038068802339
fii_stats_idx_opt_net_contracts,0.10504705333694817,0.1847786764244531,0.0837129054520359,0.29107073889521917,-0.06974408779006017,0.2687844925490663,0.546583850931677,161,71436.78815944828,0.10504705333694817
fii_stats_idx_opt_net_crore,0.10477221224929358,0.1859367564807585,0.07972452265930527,0.3147476780174889,-0.060821823920791065,0.288670918142471,0.546583850931677,161,12730.86177419483,0.10477221224929358
poi_pro_fut_stk_net,0.10354572726800408,0.19116952541678905,0.11535254198297677,0.14508223429270126,-0.0003839370297734141,0.22432966064298576,0.5714285714285714,161,83383.77288454797,0.10354572726800408
pvol_client_opt_idx_ce_short,0.10257247517773313,0.1953976501577042,0.07704738900391075,0.3313246273365169,-0.06540948367873593,0.2567088475839229,0.4968944099378882,161,19250508.893802896,0.10257247517773313
pvol_client_opt_idx_ce_long,0.10240662420343699,0.1961248813680188,0.07682022084195998,0.3327565478955353,-0.05666090899729309,0.24905076248359892,0.4968944099378882,161,19200455.719614994,0.10240662420343699
pvol_client_opt_idx_pe_short,0.10201593344303754,0.19784576052162592,0.07741833448355188,0.3289949255697533,-0.04446237410238643,0.2516418637759632,0.5093167701863354,161,19366589.33348277,0.10201593344303754
fii_stats_idx_opt_buy_contracts,0.10198498625907965,0.19798254010592023,0.07270818955601566,0.3593581095758144,-0.06549257067665686,0.2549566030565252,0.5217391304347826,161,6919036.756632585,0.10198498625907965
fii_stats_bn_opt_buy_contracts,0.10187729355896538,0.19845905166006889,-0.04284276512537383,0.5894550810638195,-0.023498847198653534,0.2238885344689829,0.4720496894409938,161,1027647.5123128054,0.10187729355896538
pvol_client_opt_idx_pe_long,0.10176650347118774,0.1989501346224925,0.07719979296066254,0.3303661872353314,-0.04569645304244104,0.24600130161520042,0.5093167701863354,161,19348493.55774616,0.10176650347118774
poi_fii_opt_idx_ce_short,-0.10132329257272789,0.2009234899024413,-0.08513054980446286,0.28294845326744605,-0.24830885867214575,0.050112472457744354,0.484472049689441,161,159299.81029857908,0.10132329257272789
fii_stats_bn_opt_sell_contracts,0.10105092096411346,0.20214319556028187,-0.04518633540372671,0.5692382644716083,-0.01196545304979861,0.221726551953415,0.4720496894409938,161,1033964.2177130932,0.10105092096411346
mkt_idx_opt_contracts,0.1010445546739547,0.2021717681973276,0.06445824706694273,0.4165874488961504,-0.04454798415816175,0.2636901468920852,0.4968944099378882,161,126629674.14524764,0.1010445546739547
fii_stats_idx_opt_buy_crore,0.10090245910980017,0.20281026830380144,0.061062226823096394,0.44161189717241944,-0.05824424022860662,0.2612865144736476,0.484472049689441,161,1175336.65407353,0.10090245910980017
fii_stats_idx_opt_sell_contracts,0.10077098920127096,0.20340231719707047,0.07200080515297907,0.36406424080807887,-0.07610848447114903,0.2872307983673699,0.5217391304347826,161,6927922.907066493,0.10077098920127096
fii_stats_ni_opt_net_contracts,0.10049353046928415,0.2046558868526742,0.05822406257188867,0.46316405575502206,-0.0812623795524251,0.27026650259538304,0.5217391304347826,161,70671.03786598245,0.10049353046928415
fii_stats_ni_opt_net_crore,0.10000713751938557,0.2068668417628412,0.05833045778697953,0.4623457872884391,-0.06801977151849274,0.272375678483344,0.5217391304347826,161,12613.272668274485,0.10000713751938557
pvol_pro_opt_idx_ce_short,0.09995466555828975,0.2071063813933972,0.07069243156199678,0.3728687038348423,-0.06807856918419673,0.25599586293492005,0.5093167701863354,161,41154161.928687386,0.09995466555828975
pvol_pro_opt_idx_ce_long,0.09995234169393305,0.20711699467003256,0.07162985967333795,0.366547274944816,-0.04897700796366475,0.2577683213387201,0.5093167701863354,161,41200179.549828485,0.09995234169393305
mkt_idx_opt_crore,0.09979276802026725,0.20784671596029736,0.06257763975155281,0.43034136240933374,-0.04361496800762672,0.26246182823086106,0.484472049689441,161,21647415.51410825,0.09979276802026725
fii_stats_idx_opt_sell_crore,0.09976418562492273,0.2079776164123069,0.0592305037957212,0.4554557393018148,-0.05966338063013358,0.2668694852070765,0.484472049689441,161,1175376.8889252348,0.09976418562492273
pvol_dii_opt_idx_pe_short,0.09950620999050261,0.20916176219285368,0.15530080924743928,0.04916661618932958,-0.012042921677875905,0.2124536650885474,0.5838509316770186,161,4653.394938090331,0.09950620999050261
pvol_client_total_net,-0.09913601734136956,0.21086944048401488,-0.0966931216931217,0.2223891700335779,-0.2296835487832063,0.022101286884571265,0.4720496894409938,161,168648.2787174339,0.09913601734136956
pvol_client_total_short,0.09871182723936041,0.21283845967928622,0.06332240625718887,0.42486351530542044,-0.028172894011755854,0.23345571073522836,0.484472049689441,161,38443684.48709272,0.09871182723936041
pvol_client_total_long,0.09847120256329864,0.21396122703607467,0.06373648493213711,0.42183545455699445,-0.057378500225647784,0.251979345412876,0.484472049689441,161,38367838.76405105,0.09847120256329864
poi_dii_fut_idx_short,-0.09841547346890865,0.21422186437214458,-0.13954053548541476,0.07749277299493604,-0.3456389334123087,0.11668538466519533,0.4472049689440994,161,6519.542556573433,0.09841547346890865
banknifty_max_pain_dev_pct,0.09769063412179742,0.21763251431694156,0.1520128824476651,0.05422929414076729,-0.10730795401373328,0.4000970103165864,0.5714285714285714,161,1.6754353403956832,0.09769063412179742
mkt_fno_total_crore,0.09730015074310208,0.21948583688880435,0.05794513457556937,0.465313036993812,-0.0730889730844456,0.25716881453251755,0.484472049689441,161,21655847.904572755,0.09730015074310208
pvol_pro_opt_idx_pe_long,0.09708150992351104,0.22052844322323656,0.05563319530710835,0.48333489390424755,-0.050243858820593276,0.24010775755664518,0.484472049689441,161,40865938.29320869,0.09708150992351104
pvol_pro_opt_idx_pe_short,0.09705646155925912,0.2206481126048902,0.05572808833678399,0.4825878795576928,-0.09112327497747938,0.25959798635649406,0.484472049689441,161,40843785.96111908,0.09705646155925912
pvol_fii_opt_idx_pe_long,0.09640517489480649,0.22377586159374654,0.06491545893719806,0.4132828474327548,-0.05436481377807545,0.2357436369524363,0.4968944099378882,161,3402760.942808939,0.09640517489480649
poi_dii_opt_idx_ce_long,0.09524086349723568,0.22944536541068675,0.08817545824359325,0.2660214635256113,0.0025899109199262822,0.20251002386689984,0.5341614906832298,161,3744.949035386163,0.09524086349723568
pvol_fii_opt_idx_pe_short,0.09501870437452835,0.23053854845422686,0.06428283873936048,0.4178593387749524,-0.0464756891118329,0.2510088025174832,0.4968944099378882,161,3412358.4157406962,0.09501870437452835
mkt_fno_total_contracts,0.09497729905625064,0.23074269723433596,0.04105705083965954,0.6050762371516547,-0.0741485478528756,0.2379151699385707,0.484472049689441,161,126784591.87856714,0.09497729905625064
pvol_pro_fut_stk_short,-0.09469278437463793,0.23214893795628144,-0.13249079825166782,0.093852827071923,-0.20695664543665052,0.019172856129962945,0.43478260869565216,161,278901.9874225948,0.09469278437463793
pvol_pro_total_long,0.09397178830684927,0.2357394796052857,0.04245744191396365,0.592810212535312,-0.05509588790559622,0.2512420768632277,0.484472049689441,161,82032574.51828516,0.09397178830684927
pvol_pro_total_short,0.09391955014024032,0.2360011280894264,0.0423539222452266,0.5937130666199959,-0.07461015835203753,0.25990354974316227,0.484472049689441,161,81953700.95508984,0.09391955014024032
banknifty_pe_oi_total,-0.09281866048645766,0.2415626011848463,-0.06846675868414999,0.3881430263085004,-0.27972429350785877,0.07392438367491687,0.4720496894409938,161,3118183.2641780153,0.09281866048645766
poi_fii_fut_stk_net,-0.09264216265822287,0.24246266185939144,-0.1544024614676789,0.05050922680488247,-0.28383667637478305,0.06541679593396374,0.4472049689440994,161,161377.22108287123,0.09264216265822287
poi_dii_opt_idx_pe_long,-0.09178471031468216,0.24686852277348684,-0.061717735298928704,0.43671628638141446,-0.19805453431542017,0.0107496084901903,0.453416149068323,161,14120.667220535495,0.09178471031468216
pvol_client_fut_idx_net,0.09119309224728205,0.24994064198397206,0.1550337553440671,0.04956260255053714,-0.0325678688389831,0.24590328705770814,0.5590062111801242,161,9819.792013584713,0.09119309224728205
pvol_client_fut_idx_long,0.09112607988311772,0.2502902803810708,0.13662736990123867,0.0839501005433519,-0.058441817722374785,0.2401340694493269,0.5590062111801242,161,33536.34312969173,0.09112607988311772
fii_stats_ni_opt_buy_contracts,0.09101456553925971,0.25087285843571616,0.08016735679779159,0.31205860371782096,-0.0629038268848227,0.25127236486571086,0.5217391304347826,161,6370126.926413492,0.09101456553925971
nifty_ce_vol_total,0.09091887692131265,0.25137350586609164,0.07883597883597886,0.3201886584798088,-0.06973892736500431,0.24302151383017082,0.5093167701863354,161,57921223.5501609,0.09091887692131265
fii_stats_ni_opt_sell_contracts,0.08981051348472377,0.25722285331684963,0.07602369450195538,0.33780854775727864,-0.07368048962917545,0.27191622756328687,0.5217391304347826,161,6376451.156108698,0.08981051348472377
nifty_opt_idx_mkt_contracts,0.08927516586519599,0.2600813800282992,0.06973199907982518,0.37941417005465183,-0.07928096849297586,0.24586776598416576,0.5093167701863354,161,119550554.31568968,0.08927516586519599
pvol_pro_fut_stk_long,-0.08918072110256858,0.2605879258113221,-0.13306590752242928,0.0924229478327396,-0.20780486307405213,0.023246254478598617,0.4472049689440994,161,275015.2414149432,0.08918072110256858
pvol_pro_fut_stk_net,0.0877911172956368,0.26811913110092966,0.04914883827927306,0.5358215221087332,-0.06108661657791018,0.2273558926378732,0.5093167701863354,161,21459.439987988015,0.0877911172956368
pvol_client_fut_stk_long,-0.08753379543284381,0.2695298249060741,-0.1491459627329193,0.05898839251300865,-0.2094683851060277,0.006630474488390432,0.45962732919254656,161,232198.05239193162,0.08753379543284381
fii_stats_ni_opt_buy_crore,0.08702500503175804,0.27233394945115647,0.07161835748792272,0.3666244350830973,-0.08483799055258777,0.2657037489369022,0.4968944099378882,161,1073601.134311851,0.08702500503175804
nifty_pe_vol_total,0.08683583415008034,0.2733815628899389,0.06411318150448585,0.4190916802612702,-0.09084577269304811,0.2423765853369127,0.5093167701863354,161,58016591.520947434,0.08683583415008034
pvol_fii_total_net,0.08623922666917165,0.27670338779558185,0.0571227283183805,0.47168104975346903,-0.04832273171735241,0.2456880165974539,0.5093167701863354,161,81349.3409291881,0.08623922666917165
fii_stats_ni_opt_sell_crore,0.08588484953683935,0.27868935714672877,0.07022946859903383,0.3760151596916653,-0.09184977954079554,0.26498934859208756,0.4968944099378882,161,1073166.3071930935,0.08588484953683935
pvol_fii_total_long,0.08548240768128357,0.2809563080785737,0.0382533931446975,0.6299654153928247,-0.0752777991973744,0.2340931028663968,0.5217391304347826,161,7018075.889933246,0.08548240768128357
nifty_opt_idx_mkt_crore,0.0854576186076885,0.28109634896337604,0.0646077754773407,0.4155050033251908,-0.07422228693832754,0.2726148801552608,0.484472049689441,161,20326333.378736287,0.0854576186076885
poi_dii_fut_idx_net,0.0846038415784239,0.2859482441614308,0.08833266117312893,0.26516670988664104,-0.08123540374421422,0.27072099184801773,0.5341614906832298,161,13761.5410612854,0.0846038415784239
pvol_fii_total_short,0.08440273956654454,0.28709918672141493,0.03734472049689442,0.6381240375870346,-0.07029060577747097,0.23855510121897897,0.5217391304347826,161,7024730.751093965,0.08440273956654454
poi_pro_fut_idx_long,-0.08397696637652441,0.2895461706508409,0.0035728689130939423,0.9641220343255119,-0.23801065293434756,0.12306691478720225,0.5217391304347826,161,17320.588826091654,0.08397696637652441
nifty_volt_log_ret_fut,-0.08371707993729778,0.2910465957866752,-0.07770882052913537,0.3271779055355589,-0.23441602397325118,0.07740376360590835,0.4472049689440994,161,0.009016862315988083,0.08371707993729778
poi_client_fut_idx_long,0.08338222569656548,0.292987461835229,0.1477311939268461,0.0614605162985612,-0.13079548174850963,0.32585843821975996,0.5962732919254659,161,35334.57337151493,0.08338222569656548
pvol_client_fut_stk_short,-0.07984302547752976,0.31402660518300246,-0.13059868875086267,0.09868147501891833,-0.185147100822618,0.03366847580467952,0.4472049689440994,161,237005.5621096258,0.07984302547752976
pvol_pro_total_net,0.07980757365076604,0.3142422115931703,0.09350701633310331,0.2380745608674972,-0.012227418549120817,0.18453103308480082,0.546583850931677,161,146514.92751152194,0.07980757365076604
fii_stats_bn_fut_sell_crore,-0.07933984444982337,0.31709581406533766,-0.05247009431792041,0.5085874086024672,-0.20426088779292523,0.04552759046072822,0.4968944099378882,161,770.6431216199542,0.07933984444982337
banknifty_opt_idx_mkt_oi,-0.07889878775955732,0.3198020603704158,-0.07968426501035199,0.314992885229701,-0.2509666177838257,0.07799420541783877,0.4968944099378882,161,10244971.917789655,0.07889878775955732
fii_stats_bn_fut_sell_contracts,-0.07738709000109714,0.3291907481624452,-0.03140966056266052,0.6924472546530147,-0.1787222721280101,0.043870897565526035,0.484472049689441,161,4452.598855972203,0.07738709000109714
fii_stats_idx_fut_net_crore,-0.0761343764644414,0.3371036380279263,-0.12829537612146308,0.10482231441041001,-0.21016032978684923,0.019154080800958692,0.4968944099378882,161,1964.98532562994,0.0761343764644414
fii_stats_idx_fut_sell_crore,-0.07606894635815428,0.3375202350981044,-0.015648723257418912,0.8438080122972274,-0.1954724160116864,0.07389795147576636,0.5341614906832298,161,4014.6106088972115,0.07606894635815428
fii_stats_stk_fut_eod_oi_crore,-0.0760349648514949,0.3377367264506946,-0.08356337704163792,0.2919364152172066,-0.24637441102208812,0.0798806804889205,0.4720496894409938,161,22684.10603078622,0.0760349648514949
fii_stats_idx_fut_sell_contracts,-0.07544259001215009,0.3415248528893691,-8.626645263003483e-05,0.9991334420112281,-0.19962154204349578,0.07382855228049427,0.5341614906832298,161,24936.838665663792,0.07544259001215009
pvol_fii_fut_idx_net,-0.07536129490666116,0.34204681375893736,-0.136183097670194,0.08497174400744248,-0.22099724255111167,0.03115895646019425,0.4968944099378882,161,11557.647476826869,0.07536129490666116
poi_dii_fut_stk_net,0.07394378336670378,0.35122918410939397,0.08107890499194849,0.306570651895778,-0.07262833549497306,0.24856934908674866,0.5093167701863354,161,275086.55316381383,0.07394378336670378
fii_stats_bn_fut_eod_oi_contracts,0.07390222028314444,0.35150073580229235,0.05706957173739954,0.472094279874675,-0.12314713402525002,0.27641605643460115,0.546583850931677,161,11954.541831155937,0.07390222028314444
nifty_fut_idx_mkt_oi,0.07367567545841716,0.3529831775997301,0.1342678858983207,0.08949047189954278,-0.12083626245043323,0.27861928783738726,0.5590062111801242,161,2802510.376262968,0.07367567545841716
fii_stats_idx_fut_net_contracts,-0.07347458600742302,0.35430232361406894,-0.1380148220143717,0.08082281005927892,-0.20137882566806511,0.03380544564454058,0.4968944099378882,161,11574.055854066173,0.07347458600742302
banknifty_volt_log_ret_fut,-0.07302261186120146,0.35727851200538635,-0.09591535535670422,0.22614877984326398,-0.23220554907898638,0.09572239853899375,0.484472049689441,161,0.010946488393367985,0.07302261186120146
fii_stats_ni_fut_net_crore,-0.07188523634736604,0.3648367154787564,-0.1056907062341845,0.18208726366142167,-0.2050273302891547,0.02682196857686545,0.484472049689441,161,1611.2960082891523,0.07188523634736604
pvol_fii_fut_idx_short,-0.07117577074385383,0.36960105686495004,0.016071440124975488,0.8396448036168226,-0.19863312756195972,0.08061053121658594,0.546583850931677,161,25083.585854627625,0.07117577074385383
fii_stats_ni_fut_net_contracts,-0.07027611154498647,0.37569742468722245,-0.10686968023924547,0.17723231222710817,-0.20118850041378572,0.049085793526294254,0.484472049689441,161,9599.880196485728,0.07027611154498647
nifty_pe_oi_total,-0.07003835202787531,0.37731877423836946,-0.057318265470439396,0.4701626785376839,-0.20516800775008665,0.042592045025679516,0.4720496894409938,161,33855431.97468853,0.07003835202787531
poi_fii_total_short,-0.069987256041279,0.377667769197036,-0.0352311939268461,0.657267952416466,-0.22695731038902137,0.12450361841229557,0.5093167701863354,161,713888.6542996793,0.069987256041279
banknifty_pcr_oi,-0.06992363609677701,0.37810258037263295,-0.06788014722797331,0.39223082504169327,-0.24592648180288887,0.0742997386242861,0.4472049689440994,161,0.14854946939483896,0.06992363609677701
pvol_dii_opt_idx_ce_long,0.06956208479372027,0.3805794017186941,0.12270774410890763,0.12096851910477296,-0.017502612189393044,0.24866790329911115,0.5403726708074534,161,2158.988927748299,0.06956208479372027
pvol_client_fut_idx_short,0.06954243827206255,0.3807142731768613,0.11562859443294228,0.14411581691206474,-0.08147684538802459,0.22677538460996446,0.5590062111801242,161,31067.911016113143,0.06954243827206255
nifty_volt_log_ret_spot,-0.06609657790215352,0.40481753985492974,-0.0525478096213587,0.5079588669788404,-0.2103281495205549,0.07382060982452988,0.484472049689441,161,0.008890281252475558,0.06609657790215352
fii_stats_stk_opt_net_crore,0.06464186282244459,0.4152584734233479,0.037491373360938586,0.6368043227245088,-0.0786660973372885,0.19200344840523142,0.5217391304347826,161,846.1966871697807,0.06464186282244459
fii_stats_stk_opt_net_contracts,0.06430932663030858,0.4176671293443163,0.039942805341916625,0.6149156395657671,-0.057129052150858534,0.20567742848595771,0.546583850931677,161,12434.997570843305,0.06430932663030858
nifty_ce_oi_total,-0.06415117878291568,0.41881549506027577,-0.08997296986427424,0.25635969332407443,-0.23141388992759568,0.10132837837969182,0.4720496894409938,161,41281217.744518414,0.06415117878291568
fii_stats_ni_fut_sell_contracts,-0.06361115687987029,0.422750624038956,0.008245635097220828,0.9173186090714824,-0.22263301147564854,0.09258794449098119,0.5341614906832298,161,18878.752841860416,0.06361115687987029
fii_stats_ni_fut_sell_crore,-0.06318116586403347,0.4258992433842229,0.0019755003450655628,0.9801578587229349,-0.2014736417184352,0.09559969503840673,0.5341614906832298,161,2996.299263825022,0.06318116586403347
poi_dii_fut_stk_long,-0.0630735639825047,0.4266892758314666,-0.03374453646192777,0.6708694844600924,-0.2194145557035623,0.10974533072932904,0.4720496894409938,161,74029.75708328227,0.0630735639825047
banknifty_volt_log_ret_spot,-0.06202297994751973,0.4344472017613877,-0.07202673684923708,0.36389104972819175,-0.22120350844274198,0.12326505121096326,0.515527950310559,161,0.011040197826512615,0.06202297994751973
pvol_client_fut_stk_net,-0.059937735151839644,0.45008214157420184,-0.05112146307798483,0.5195587729916277,-0.1849070316689461,0.07428840523383505,0.5217391304347826,161,23389.867511567816,0.059937735151839644
banknifty_max_ce_oi_strike,-0.05914170056975497,0.45613299137310037,-0.030639363296138665,0.6996216042959074,-0.20910038275942402,0.07347094864754881,0.515527950310559,161,1775.5949925700263,0.05914170056975497
poi_dii_total_long,-0.05735527244254317,0.4698756158903419,-0.028919369680239247,0.7157365441465642,-0.22156296919005297,0.11033452085494068,0.4968944099378882,161,94616.86703166929,0.05735527244254317
pvol_dii_total_net,-0.05680238857910306,0.4741743051875793,-0.007456291695422131,0.9252093645033656,-0.2355028235064744,0.12353990680824738,0.484472049689441,161,35022.93629427806,0.05680238857910306
fii_stats_bn_fut_eod_oi_crore,0.056430774431752595,0.4770756019510331,0.04228490913273523,0.5943153154225558,-0.11701954305155687,0.23045333042429708,0.546583850931677,161,1906.527460457769,0.056430774431752595
poi_dii_opt_idx_pe_short,0.054188104485003524,0.4947873496624895,0.08896014547118553,0.26177359487886404,-0.08357871990969301,0.1969277099756269,0.5714285714285714,161,230.93328353465938,0.054188104485003524
banknifty_ce_oi_chg,0.052583905148196275,0.507667072898776,0.03352311939268461,0.6729045516541543,-0.060732714563639094,0.1429397571475278,0.5217391304347826,161,1685747.1087523887,0.052583905148196275
nifty_pe_oi_chg,-0.05241144389857899,0.5090620255598516,-0.019225902921555096,0.8087252115320651,-0.21319126685389053,0.07530338077209907,0.4968944099378882,161,32174772.969497677,0.05241144389857899
banknifty_ce_oi_total,-0.04989649799978629,0.5296278908752121,-0.00986024844720497,0.9012038861861886,-0.19184359148841912,0.11000455189706326,0.4968944099378882,161,3815993.4249468027,0.04989649799978629
fii_stats_bn_fut_net_crore,-0.04748096201140277,0.549767189041153,-0.11600241545893722,0.14281492875338553,-0.21487960297841435,0.10298740537652724,0.43478260869565216,161,532.3278714712837,0.04748096201140277
poi_dii_fut_idx_long,0.04626423714518339,0.5600511688695967,0.04808064193794069,0.5447327258471336,-0.06239216730194719,0.1707250857662506,0.4968944099378882,161,11297.179086254671,0.04626423714518339
banknifty_max_pe_oi_strike,-0.045401424466418594,0.5673993523278369,-0.02244913993569267,0.7774345758050405,-0.15391947022376834,0.09268177992505196,0.4720496894409938,161,2709.5838648207396,0.045401424466418594
fii_stats_bn_fut_net_contracts,-0.04295307377899996,0.5884961880585339,-0.12230435113934764,0.12220492545796774,-0.22433963014773384,0.1152863069746657,0.43478260869565216,161,2966.276437706254,0.04295307377899996
cd_usdinr_vol_d_pct,0.04200698185254433,0.6014123519873005,-0.005096475648321454,0.949488784691583,-0.11561058385720213,0.1736917779779222,0.4968152866242038,157,0.02083725648298132,0.04200698185254433
cd_usdinr_vol_annual_pct,0.04200611479811784,0.6014198643307841,-0.005096475648321454,0.949488784691583,-0.12055144528287616,0.1525916949796172,0.4968152866242038,157,0.3980952100217458,0.04200611479811784
fii_stats_stk_fut_net_crore,-0.041983148271095776,0.596951900458543,-0.0355072463768116,0.6547544929129127,-0.18290023987348863,0.10375981152707128,0.4968944099378882,161,2277.771681067384,0.041983148271095776
nifty_atm_pe_oi,0.040633269881853194,0.6088102218513282,-0.01022256728778468,0.8975930428267958,-0.1478922728255783,0.20283512711013157,0.484472049689441,161,5958150.308993435,0.040633269881853194
nifty_max_pe_oi_strike,-0.03772858866486731,0.6346720607963042,-0.13032624041947233,0.09939265910266423,-0.33340817555399366,0.23307841806941648,0.40993788819875776,161,1461.9761364682,0.03772858866486731
nifty_max_pain_dev_pct,0.03271171869731933,0.6803824247375563,0.0887307338394295,0.2630106726001263,-0.17355230788844334,0.2582403091167691,0.5093167701863354,161,0.34427570931849455,0.03271171869731933
pvol_dii_opt_idx_pe_long,0.03067302444203472,0.6993075319080301,-0.028924346722579687,0.7156897277469387,-0.0800808881125547,0.15005915367195863,0.4409937888198758,161,5074.5952190637545,0.03067302444203472
banknifty_pcr_vol,-0.029533784768224318,0.7099651194961688,-0.07830112721417071,0.32349300497967604,-0.2815806200755988,0.1958494502118134,0.4720496894409938,161,0.1262328751894136,0.029533784768224318
banknifty_fut_idx_mkt_qty,0.029056024521897032,0.7144514896036558,0.06617207269381184,0.4042799694391943,-0.09608749469528761,0.1309942634609314,0.5217391304347826,161,541643.8130820602,0.029056024521897032
nifty_fut_idx_mkt_crore,-0.026866969738802975,0.7351307616181025,0.04484414538762365,0.5721696266868763,-0.14741202984847115,0.10308434928612609,0.5217391304347826,161,9295.634091388514,0.026866969738802975
pvol_dii_opt_idx_ce_short,-0.02517577673299641,0.7512390603936857,0.12406465335071755,0.11688063152841838,-0.11364456526931267,0.23257954276803322,0.5217391304347826,161,1368.956470998102,0.02517577673299641
poi_fii_fut_stk_short,0.02488064092521942,0.7540614377497912,0.017897400506096162,0.82171390379147,-0.19578865754481148,0.2324850259571417,0.546583850931677,161,360290.9241933719,0.02488064092521942
banknifty_fut_idx_mkt_contracts,0.024419022922171664,0.7584824000735549,0.055069588221762146,0.4877844919655504,-0.10239602510024047,0.1446016398621073,0.5341614906832298,161,17790.86317390237,0.024419022922171664
poi_fii_fut_stk_long,-0.024308420877410843,0.759542815700883,-0.013765240395675182,0.8624088688140812,-0.21427868087746127,0.18515773231414623,0.484472049689441,161,246254.8135729907,0.024308420877410843
mkt_idx_fut_crore,-0.023750672102350073,0.7648971128548819,0.037361973775017265,0.637968717942736,-0.1464213540837128,0.10286035124907994,0.5341614906832298,161,12857.693878817898,0.023750672102350073
nifty_ce_oi_chg,-0.02262762512082478,0.7757117736871613,-0.032568438003220616,0.6817061661706884,-0.14449544029063763,0.1049503240376163,0.484472049689441,161,37957873.13521744,0.02262762512082478
nifty_fut_idx_mkt_contracts,-0.021901324747558484,0.7827290208358355,0.06653439153439154,0.4017059248712328,-0.1429823107884592,0.11633054981566751,0.546583850931677,161,58985.782895253615,0.021901324747558484
nifty_atm_ce_oi,0.021889624838182537,0.7828422061784936,-0.073404071773637,0.3547656262054817,-0.11979033066413228,0.1721294020476231,0.422360248447205,161,7073500.037916907,0.021889624838182537
banknifty_fut_idx_mkt_oi,0.021769543574970927,0.7840041394056197,0.07929319070623418,0.31738136758956886,-0.1447112534748943,0.1834292129080478,0.5341614906832298,161,550883.8495128368,0.021769543574970927
fii_stats_bn_opt_net_crore,0.021557271837923796,0.78605929417898,0.08445192086496435,0.2868174277022766,-0.11468634808445943,0.1547262287824098,0.546583850931677,161,1828.4022206547115,0.021557271837923796
fii_stats_bn_opt_net_contracts,0.02108684289316891,0.7906191005186611,0.09466586151368761,0.23228231813925188,-0.11716318474458809,0.1338660858389817,0.5714285714285714,161,10002.01140841833,0.02108684289316891
banknifty_atm_pe_oi,0.02022007471784272,0.7990390816762506,-0.1408701403266621,0.0746818587866866,-0.1584972752780057,0.1683174389930914,0.39751552795031053,161,560890.8310288865,0.02022007471784272
mkt_idx_fut_contracts,-0.018274889813387422,0.8180181213773361,0.05565907522429262,0.48313110107600377,-0.13547359720562038,0.11913828531283896,0.5341614906832298,161,80542.4229435038,0.018274889813387422
pvol_pro_fut_idx_short,0.017847679714327894,0.8222009858116271,0.04445882217621349,0.5754789673583487,-0.06951646591075354,0.12888590922856027,0.5093167701863354,161,24066.703252026815,0.017847679714327894
nifty_fut_idx_mkt_qty,-0.01747045408624081,0.8258986166213169,0.06600816655164482,0.4054476222360073,-0.16226071358869582,0.11127795484817002,0.5217391304347826,161,3840202.9217007766,0.01747045408624081
pvol_pro_fut_idx_long,0.016148384558006667,0.8388874757941834,0.05736714975845411,0.4697835040305305,-0.08507863588933749,0.12925634118475793,0.5341614906832298,161,23949.89369711493,0.016148384558006667
banknifty_fut_idx_mkt_crore,0.01564678233038363,0.8438271379573486,0.04342362548884289,0.5844138069581992,-0.09290808384329398,0.12894435177718722,0.5341614906832298,161,2978.055120651446,0.01564678233038363
nifty_pcr_vol,-0.01537256614304948,0.846530142730473,-0.05193811824246607,0.51290071589117,-0.17007917292794733,0.14711302779707158,0.43478260869565216,161,0.09081702671760684,0.01537256614304948
cd_usdinr_near_settle,-0.014342748620129016,0.858497446672919,0.025581649558293833,0.7504638773184615,-0.12178367827159074,0.11213435899513353,0.4968152866242038,157,1.8771410910790398,0.014342748620129016
nifty_opt_idx_mkt_oi,0.01356838217273039,0.864357550256313,0.02418622038187256,0.7607149542350745,-0.17063118769185462,0.19921912433923872,0.4968944099378882,161,92910544.29615107,0.01356838217273039
poi_pro_fut_idx_net,-0.01085105991475821,0.8913345524173726,0.0722912353347136,0.3621274490244645,-0.14822860291278053,0.17862033969625946,0.5341614906832298,161,17401.187791196542,0.01085105991475821
pvol_fii_fut_stk_net,-0.010833306905782436,0.8915112456363664,-0.029089026915113874,0.7141412666239435,-0.16189223742198108,0.12770631640989152,0.484472049689441,161,35476.48563125172,0.010833306905782436
fii_stats_stk_fut_net_contracts,-0.01064755844211435,0.8933602925142408,-0.028916494133885442,0.7157635933697772,-0.17981476586277184,0.12142986157279358,0.484472049689441,161,35500.618131073104,0.01064755844211435
poi_fii_fut_idx_long,0.008400675923499135,0.9157696498964252,-0.0423970554405337,0.5933368016649939,-0.2222309368715968,0.22649134244906413,0.4968944099378882,161,17869.098771014626,0.008400675923499135
banknifty_pe_oi_chg,-0.0070566683153068695,0.9292070718209686,-0.009906257188865885,0.9007452525645869,-0.1566572875546206,0.18618439344605292,0.45962732919254656,161,1327871.0463922431,0.0070566683153068695
pvol_pro_fut_idx_net,-0.005983104490704716,0.9399551580320407,0.014780308258569129,0.8523742163884749,-0.15158737309860856,0.1293850596715332,0.5217391304347826,161,7150.588451868622,0.005983104490704716
fii_stats_stk_fut_eod_oi_contracts,0.004999496080690453,0.9498122141843381,0.0006527490223142399,0.9934431210920679,-0.17318881345543538,0.2319038008627708,0.4720496894409938,161,595700.7294300847,0.004999496080690453
banknifty_atm_ce_oi,-0.004368867221527202,0.9561360479928929,-0.13802622498274672,0.08079750165542023,-0.15940680529598253,0.11516134335386069,0.4472049689440994,161,505339.7026926637,0.004368867221527202
pvol_dii_fut_idx_net,0.0039985023643937904,0.9598513013094756,0.019328012606433322,0.8077289997801864,-0.12361830409867777,0.11496153562581053,0.484472049689441,161,4572.9118543992945,0.0039985023643937904
pvol_dii_fut_stk_net,-0.0036595538835989816,0.9632521655644732,0.027787862166344716,0.7264072074571797,-0.13962365624289008,0.14355765230455916,0.4968944099378882,161,26693.109396483575,0.0036595538835989816
nifty_pcr_oi,-0.0016755588800561848,0.9831700213372658,0.005362893949850472,0.94616952119201,-0.17513599102571534,0.13059900740537586,0.5093167701863354,161,0.266396607295282,0.0016755588800561848
irf_fii_long_excl_lt,,,,,,,0.5833333333333334,156,0.0,
irf_fii_long_lt,,,,,,,0.5833333333333334,156,0.0,
irf_fii_long_total,,,,,,,0.5833333333333334,156,0.0,
fpi_long_cr,,,,,,,0.5870967741935483,155,0.0,
fpi_permissible,,,,,,,0.5870967741935483,155,0.0,
fpi_available,,,,,,,0.5870967741935483,155,0.0,
fpi_pct_used,,,,,,,0.5870967741935483,155,0.0,
