date,ce_oi_total,pe_oi_total,pcr,pcr_5d_ma,pcr_signal
2024-01-01,53724930.0,46532235.0,0.8661199744699528,0.8661199744699528,0.0
2024-01-02,90830475.0,50634735.0,0.5574641660742168,0.7117920702720848,1.0
2024-01-03,89801535.0,81658545.0,0.9093223740551872,0.7776355048664523,0.0
2024-01-04,37491045.0,43931910.0,1.1717974252251435,0.876175984956125,0.0
2024-01-05,54289470.0,41901735.0,0.7718206679858912,0.8553049215620783,1.0
2024-01-08,78186000.0,44766345.0,0.5725621594658891,0.7965933585612655,1.0
2024-01-09,89789070.0,49637145.0,0.5528194578694267,0.7956644169203075,1.0
2024-01-10,94048005.0,90005805.0,0.957019821951566,0.8052039064995833,0.0
2024-01-11,40026405.0,33751140.0,0.843221868164278,0.7394887950874102,0.0
2024-01-12,41083200.0,43854915.0,1.0674658984694474,0.7986178411841214,0.0
2024-01-15,46582770.0,58226010.0,1.2499473517783506,0.9340948796466136,0.0
2024-01-16,65163075.0,59735385.0,0.9167060486326036,1.006872197799249,0.0
2024-01-17,105483180.0,67263150.0,0.637667066920053,0.9430016467929466,1.0
2024-01-18,54622950.0,36852660.0,0.6746735575431206,0.9092919846687151,1.0
2024-01-19,70894545.0,42155415.0,0.5946214197439309,0.8147230889236118,1.0
2024-01-23,94610730.0,48600765.0,0.5136918930865453,0.6674719971852507,1.0
2024-01-24,97840065.0,58804590.0,0.6010277078209219,0.6043363290229143,1.0
2024-01-25,100627545.0,72613290.0,0.7216045069965684,0.6211238170382174,1.0
2024-01-29,51927030.0,44197470.0,0.851145732771545,0.6564182520839024,0.0
2024-01-30,73726620.0,53381460.0,0.7240459416151181,0.6823031564581398,1.0
2024-01-31,95812485.0,92883210.0,0.969427001084462,0.7734501780577231,0.0
2024-02-01,45378105.0,35650440.0,0.78563086757369,0.8103708100082768,1.0
2024-02-02,53897745.0,39641415.0,0.7354930155241188,0.8131485117137869,1.0
2024-02-05,68019090.0,45625545.0,0.6707755866772107,0.77707448249492,1.0
2024-02-06,83419710.0,56166990.0,0.6733059848805516,0.7669264911480067,1.0
2024-02-07,107867370.0,75953475.0,0.7041376368034189,0.713868618291798,1.0
2024-02-08,56428005.0,34564080.0,0.6125341486022765,0.6792492744975153,1.0
2024-02-09,48907515.0,42896145.0,0.877086987551913,0.7075680689030742,0.0
2024-02-12,76350765.0,44591790.0,0.5840385489261306,0.6902206613528581,1.0
2024-02-13,66458775.0,64148055.0,0.9652307765227393,0.7486056196812957,0.0
2024-02-14,72804390.0,94262715.0,1.294739438102565,0.8667259799411248,0.0
2024-02-15,35498340.0,40269315.0,1.1343999465890515,0.9710991395384798,0.0
2024-02-16,42158055.0,47409810.0,1.1245729908554842,1.020596340199194,0.0
2024-02-19,48460680.0,55217160.0,1.1394218983307705,1.131673010080122,0.0
2024-02-20,54625695.0,79784640.0,1.460569792292803,1.2307408132341349,-1.0
2024-02-21,82057500.0,85784580.0,1.0454203454894433,1.1808769947115105,0.0
2024-02-22,37374120.0,34058445.0,0.9112841987985268,1.1362538451534054,0.0
2024-02-23,49132530.0,39966570.0,0.8134441682526831,1.0740280806328453,0.0
2024-02-26,62148720.0,46238580.0,0.7439989109992933,0.9949434831665499,1.0
2024-02-27,68842845.0,54782055.0,0.7957552451529276,0.8619805737385748,1.0
2024-02-28,93281730.0,56445030.0,0.6051027355517528,0.7739170517510366,1.0
2024-02-29,83887965.0,67201380.0,0.801084875524159,0.7518771870961631,0.0
2024-03-01,37756200.0,49357740.0,1.3072750965404358,0.8506433727537136,-1.0
2024-03-04,48458040.0,57217200.0,1.1807576204072636,0.9379951146353077,0.0
2024-03-05,59140410.0,71580495.0,1.21034830499146,1.0209137266030142,0.0
2024-03-06,87322800.0,99737685.0,1.1421723192568265,1.128327643344029,0.0
2024-03-07,43695705.0,39713340.0,0.9088614086899388,1.149882949977185,0.0
2024-03-11,70773930.0,50878215.0,0.718883563481638,1.0322046433654255,1.0
2024-03-12,72817335.0,51951405.0,0.7134483155693627,0.9387427823978453,1.0
2024-03-13,96875265.0,70560675.0,0.7283662656303443,0.8423463745256221,1.0
2024-03-14,44220615.0,36053700.0,0.8153143053302175,0.7769747717403003,0.0
2024-03-15,56635245.0,43309740.0,0.7647135630824939,0.7481452026188113,1.0
2024-03-18,59234820.0,47722155.0,0.8056436231257224,0.7654972145476282,0.0
2024-03-19,75689985.0,54163560.0,0.7155974466106712,0.7659270407558898,1.0
2024-03-20,93573405.0,78071295.0,0.834332094680107,0.7871202065658424,0.0
2024-03-21,43430340.0,39949215.0,0.9198457806224865,0.8080265016242961,0.0
2024-03-22,43294125.0,45450855.0,1.0498157659959635,0.86504694220699,0.0
2024-03-26,63565635.0,54229500.0,0.8531260641068087,0.8745434304032074,0.0
2024-03-27,84938580.0,78738855.0,0.9270093166144288,0.916825804403959,0.0
2024-03-28,33698160.0,33161340.0,0.9840697533633884,0.9467733361406152,0.0
2024-04-01,43834455.0,46907415.0,1.0701037574209602,0.9768249315003098,0.0
2024-04-02,60385695.0,56436495.0,0.9346004049469,0.9537818592904973,0.0
2024-04-03,87326505.0,101710365.0,1.1647135654862175,1.016099359566379,0.0
2024-04-04,29265180.0,30598065.0,1.0455450812193876,1.0398065124873708,0.0
2024-04-05,43667610.0,57655320.0,1.3203223167010971,1.1070570251549126,-1.0
2024-04-08,46513770.0,55863855.0,1.2010175696358305,1.1332397875978866,0.0
2024-04-09,52903815.0,60905670.0,1.1512528916865448,1.1765702849458155,0.0
2024-04-10,71067405.0,80914410.0,1.138558668351546,1.1713393055188812,0.0
2024-04-12,44124960.0,33631950.0,0.7621978580830442,1.1146698608916126,1.0
2024-04-15,68916510.0,41402085.0,0.600757133522867,0.9707568242559665,1.0
2024-04-16,76652190.0,64709580.0,0.8441974064928869,0.8993927916273778,0.0
2024-04-18,42935430.0,29907345.0,0.6965656335571812,0.808455340001505,1.0
2024-04-19,42415845.0,42054045.0,0.9914701687541532,0.7790376400820265,0.0
2024-04-22,48923670.0,49741485.0,1.0167161416958297,0.8299412968045836,0.0
2024-04-23,61531995.0,55325235.0,0.8991295504070688,0.8896157801814238,0.0
2024-04-24,82669770.0,82638990.0,0.9996276752675132,0.9207018339363492,0.0
2024-04-25,29590290.0,34247130.0,1.1573773018108304,1.012864167587079,0.0
2024-04-26,47222880.0,40035795.0,0.8478050258688161,0.9841311390100117,0.0
2024-04-29,53158215.0,81710070.0,1.537110868000365,1.0882100842709188,-1.0
2024-04-30,73731360.0,83533560.0,1.1329447876724368,1.1349731317239924,0.0
2024-05-02,45438105.0,37578105.0,0.8270174339356802,1.1004510834576258,0.0
2024-05-03,55742700.0,38142810.0,0.684265563024396,1.0058287357003386,1.0
2024-05-06,66630330.0,43956990.0,0.6597144273486264,0.9682106159963009,1.0
2024-05-07,92698395.0,52325325.0,0.5644685110243818,0.7736821446011042,1.0
2024-05-08,104882745.0,72983640.0,0.6958593618044607,0.686265059427509,1.0
2024-05-09,50837055.0,33041175.0,0.6499427435361863,0.6508501213476103,1.0
2024-05-10,57245355.0,39557955.0,0.6910247128347794,0.652201951309687,1.0
2024-05-13,54204615.0,48566475.0,0.8959841334543194,0.6994558925308254,0.0
2024-05-14,67118130.0,53633370.0,0.7990891581752948,0.7463800219610082,1.0
2024-05-15,107949045.0,71561835.0,0.66292235378275,0.739792620356666,1.0
2024-05-16,38082045.0,33480810.0,0.879175737542456,0.7856392191579198,0.0
2024-05-17,44636640.0,42412770.0,0.9501783736410268,0.8374699513191693,0.0
2024-05-21,69626520.0,52236285.0,0.7502354706224008,0.8083202187527856,1.0
2024-05-22,107692125.0,65836260.0,0.611337737090804,0.7707699345358876,1.0
2024-05-23,31855125.0,38403435.0,1.2055653525139205,0.8792985342821217,0.0
2024-05-24,39072060.0,43448100.0,1.111999213760421,0.9258632295257145,0.0
2024-05-27,51759810.0,50822505.0,0.9818912588744046,0.9322058065723902,0.0
2024-05-28,71718510.0,58550610.0,0.8163946796998431,0.9454376483878786,0.0
2024-05-29,105314595.0,72362475.0,0.6871077555774677,0.9605916520852114,1.0
2024-05-30,20231550.0,17811885.0,0.8804014027595513,0.8955588621343376,0.0
2024-05-31,30343185.0,25171470.0,0.8295592568809108,0.8390708707584356,0.0
2024-06-03,45204435.0,33917790.0,0.7503199630744196,0.7927566115984386,1.0
2024-06-04,72417840.0,33498360.0,0.4625705489144663,0.7219917854413631,1.0
2024-06-05,87944100.0,72001770.0,0.8187220063654072,0.748314635598951,0.0
2024-06-06,36682365.0,26000535.0,0.7088020360737374,0.7139947622617883,1.0
2024-06-07,42123810.0,33599520.0,0.7976372507615052,0.7076103610379072,1.0
2024-06-10,58417920.0,43175145.0,0.7390736438407941,0.705361097191182,1.0
2024-06-11,66157365.0,53403690.0,0.8072221437477143,0.7742914161578316,0.0
2024-06-12,95683350.0,87681615.0,0.9163727545074456,0.7938215657862393,0.0
2024-06-13,38646705.0,31672140.0,0.8195301514061807,0.815967188852728,0.0
2024-06-14,40447875.0,39006075.0,0.9643541224353566,0.8493105631874982,0.0
2024-06-18,50560365.0,61645050.0,1.2192366491025135,0.9453431642398421,0.0
2024-06-19,86457060.0,101829600.0,1.1778054909570137,1.019459833681702,0.0
2024-06-20,39841530.0,49385610.0,1.2395510413380209,1.0840954910478169,0.0
2024-06-21,48314580.0,50716860.0,1.0497216368226734,1.1301337881311155,0.0
2024-06-24,53341245.0,65475300.0,1.227479786045489,1.1827589208531422,0.0
2024-06-25,55844355.0,89912190.0,1.6100497534621,1.2609215417250594,-1.0
2024-06-26,85498335.0,102947175.0,1.2040839742668672,1.26617723838703,0.0
2024-06-27,38660355.0,37399005.0,0.9673735536054958,1.211741740840525,0.0
2024-06-28,57627585.0,40855080.0,0.70895006271736,1.1435874260194623,1.0
2024-07-01,62091060.0,56566455.0,0.9110241474376504,1.0802962982978948,0.0
2024-07-02,81935175.0,61486785.0,0.7504320946406717,0.9083727665336092,1.0
2024-07-03,86123220.0,96359760.0,1.1188592344782278,0.8913278185758811,0.0
2024-07-04,36398835.0,40829295.0,1.121719829769277,0.9221970738086374,0.0
2024-07-05,55970175.0,43752180.0,0.7817052564155821,0.9367481125482818,1.0
2024-07-08,67760115.0,47887485.0,0.7067208342252665,0.8958874499058049,1.0
2024-07-09,79545315.0,54925005.0,0.6904869884543169,0.8838984286685341,1.0
2024-07-10,111891795.0,69607320.0,0.6220949444952599,0.7845455706719405,1.0
2024-07-11,40120875.0,35715030.0,0.8901857200272926,0.7382387487235436,0.0
2024-07-12,47199375.0,40532040.0,0.8587410320581575,0.7536459038520588,0.0
2024-07-15,51039750.0,57433020.0,1.1252606057043777,0.8373538581478808,0.0
2024-07-16,85152930.0,63280785.0,0.7431427785279966,0.847885016162617,1.0
2024-07-18,24508590.0,26020320.0,1.0616816389682149,0.9358023550572078,0.0
2024-07-19,34729830.0,26231670.0,0.755306605301552,0.9088265321120599,1.0
2024-07-22,41022615.0,29331990.0,0.7150199956779937,0.880082324836027,1.0
2024-07-23,72666375.0,40628550.0,0.559110730375638,0.7668523497702789,1.0
2024-07-24,94153155.0,71873895.0,0.7633721355381028,0.7708982211723002,1.0
2024-07-25,42787530.0,33161865.0,0.7750357405533809,0.7135690414893334,1.0
2024-07-26,48521475.0,42225780.0,0.8702493071366854,0.7365575818563601,0.0
2024-07-29,68394570.0,48408840.0,0.7077877673622336,0.7351111361932081,1.0
2024-07-30,74629890.0,57195240.0,0.7663851574751082,0.7765660216131021,1.0
2024-07-31,102409665.0,85543110.0,0.8353030937070246,0.7909522132468865,0.0
2024-08-01,45391335.0,32407320.0,0.71395388569206,0.7787358422746223,1.0
2024-08-02,49018725.0,37992960.0,0.7750703430168777,0.7597000494506607,1.0
2024-08-05,66460365.0,39493545.0,0.594242071947694,0.7369909103677529,1.0
2024-08-06,86186580.0,49414140.0,0.5733391439827407,0.6983817076692793,1.0
2024-08-07,90354465.0,78414450.0,0.8678536251639584,0.7048918139606661,0.0
2024-08-08,37345185.0,32003265.0,0.8569582665074493,0.733492690123744,0.0
2024-08-09,43339770.0,39047895.0,0.900971440319134,0.7586729095841953,0.0
2024-08-12,48239580.0,47827470.0,0.9914570151730177,0.83811589822926,0.0
2024-08-13,83981595.0,50133045.0,0.5969527608995757,0.842838621612627,1.0
2024-08-14,94424970.0,69969135.0,0.7410024594130133,0.8174683884624379,1.0
2024-08-16,39718800.0,41101695.0,1.0348171394906192,0.853040163059072,0.0
2024-08-19,55672230.0,43682640.0,0.7846396668500615,0.8297738083652575,1.0
2024-08-20,59223150.0,60066705.0,1.0142436699162405,0.834331139313902,0.0
2024-08-21,98400510.0,80517390.0,0.8182619175449396,0.8785929706429748,0.0
2024-08-22,40090215.0,37494285.0,0.9352477905144684,0.9174420368632659,0.0
2024-08-23,46140555.0,39702960.0,0.8604785963237763,0.8825743282298972,0.0
2024-08-26,56289195.0,44607345.0,0.7924672754691198,0.8841398499537089,1.0
2024-08-27,64859640.0,55861890.0,0.8612735130814787,0.8535458185867565,0.0
2024-08-28,100667190.0,87187140.0,0.8660929146825296,0.8631120180142746,0.0
2024-08-29,37474065.0,31178100.0,0.831991405255875,0.8424607409625559,0.0
2024-08-30,44452455.0,40808430.0,0.9180242126109796,0.8539698642199965,0.0
2024-09-02,55554315.0,49189350.0,0.8854280716088391,0.8725620234479404,0.0
2024-09-03,59692095.0,64053120.0,1.0730586688237362,0.9149190545963919,0.0
2024-09-04,107115270.0,95980695.0,0.8960505350917755,0.9209105786782411,0.0
2024-09-05,40830795.0,34250175.0,0.8388319404508289,0.9222786857172318,0.0
2024-09-06,75282900.0,45498000.0,0.6043603527494291,0.8595459137449218,1.0
2024-09-09,65849940.0,57613920.0,0.8749274486810467,0.8574457891593633,0.0
2024-09-10,73350465.0,66123585.0,0.9014746532281696,0.8231289860402498,0.0
2024-09-11,101758200.0,81765015.0,0.8035226153764512,0.8046234020971852,0.0
2024-09-12,33639165.0,40009320.0,1.1893672152682744,0.8747304570606742,0.0
2024-09-13,40957170.0,46282950.0,1.130032909988654,0.9798649685085191,0.0
2024-09-16,47161185.0,54856050.0,1.1631609765530702,1.0375116740829238,0.0
2024-09-17,58350900.0,63520785.0,1.08859991876732,1.074936727190754,0.0
2024-09-18,95042460.0,105479445.0,1.1098139189579057,1.1361949879070448,0.0
2024-09-19,41209710.0,38270055.0,0.9286659624637008,1.0840547373461302,0.0
2024-09-20,40700685.0,54370410.0,1.3358598264378103,1.1252201206359616,-1.0
2024-09-23,49994055.0,66876570.0,1.3376904513946708,1.1601260156042816,-1.0
2024-09-24,67173540.0,75849975.0,1.1291644745832958,1.1682389267674766,0.0
2024-09-25,97739235.0,98488920.0,1.0076702564737692,1.1478101942706496,0.0
2024-09-26,34197435.0,36118350.0,1.0561713181120165,1.1733112654003126,0.0
2024-09-27,57780555.0,42807690.0,0.7408667154547062,1.0543126432036918,1.0
2024-09-30,80510550.0,49628055.0,0.6164167925818418,0.9100579114411259,1.0
2024-10-01,97924050.0,70714635.0,0.7221375647759667,0.8286525294796601,1.0
2024-10-03,47874300.0,33424320.0,0.6981683283097612,0.7667521438468585,1.0
2024-10-04,63225405.0,37551510.0,0.5939307150345656,0.6743040232313683,1.0
2024-10-07,73849560.0,41209200.0,0.5580155115345304,0.6377337824473331,1.0
2024-10-08,79373475.0,55483680.0,0.6990204221246455,0.6542545083558939,1.0
2024-10-09,110436195.0,87589470.0,0.7931228525213133,0.6684515659049632,1.0
2024-10-10,37710690.0,39157710.0,1.0383716129299143,0.7364922228289938,0.0
2024-10-11,53743305.0,38214045.0,0.7110475435033257,0.7599155885227458,1.0
2024-10-14,53601825.0,53585010.0,0.999686297994518,0.8482497458147433,0.0
2024-10-15,65371185.0,59843055.0,0.9154347592138646,0.8915326132325871,0.0
2024-10-16,97153560.0,93247575.0,0.95979576044357,0.9248671948170385,0.0
2024-10-17,44733720.0,32770500.0,0.732568183464286,0.8637065089239128,1.0
2024-10-18,41100525.0,49462200.0,1.2034444815485934,0.9621858965329665,0.0
2024-10-21,59106870.0,51368955.0,0.8690860301010694,0.9360658429542766,0.0
2024-10-22,82171590.0,48243690.0,0.5871091212911907,0.8704007153697418,1.0
2024-10-23,100034520.0,87296850.0,0.8726672552634831,0.8529750143337246,0.0
2024-10-24,38057025.0,34858200.0,0.9159465302398178,0.8896506836888308,0.0
2024-10-25,58266930.0,38348910.0,0.6581590964205597,0.7805936066632242,1.0
2024-10-28,60722715.0,47213115.0,0.7775198292764084,0.762280366498292,1.0
2024-10-29,56128890.0,75075405.0,1.3375537089723313,0.91236928403452,-1.0
2024-10-30,89638590.0,83193165.0,0.928095421849005,0.9234549173516244,0.0
2024-10-31,42071730.0,28943490.0,0.6879557840858933,0.8778567681208396,1.0
2024-11-01,44340735.0,30701820.0,0.6924066549641091,0.8847062798295493,1.0
2024-11-04,53456130.0,37851360.0,0.7080826838755443,0.8708188507493766,1.0
2024-11-05,55817100.0,58270395.0,1.0439523909339612,0.8120985871417027,0.0
2024-11-06,100648425.0,78207495.0,0.7770364513900739,0.7818867930499164,1.0
2024-11-07,43040070.0,33803925.0,0.7854059019885423,0.8013768166304462,1.0
2024-11-08,56572890.0,39394365.0,0.6963470489133576,0.8021648954202959,1.0
2024-11-11,57602610.0,48879135.0,0.8485576434817798,0.830259887341543,0.0
2024-11-12,84416910.0,50159655.0,0.5941896593940716,0.7403073410335651,1.0
2024-11-13,100081635.0,71476005.0,0.7141770315802695,0.7277354570716041,1.0
2024-11-14,33047205.0,31460085.0,0.9519741533361142,0.7610491073411186,0.0
2024-11-18,37315695.0,35291700.0,0.9457602223407604,0.810931742026599,0.0
2024-11-19,39758505.0,36346275.0,0.9141760989252488,0.8240554331152928,0.0
2024-11-21,45234405.0,40991190.0,0.9061949637670706,0.8864564939898927,0.0
2024-11-22,43063650.0,49417935.0,1.147555653085607,0.9731322182909603,0.0
2024-11-25,49545495.0,63544305.0,1.2825445582893056,1.0392462992815985,0.0
2024-11-26,55904925.0,67062075.0,1.1995736511586412,1.0900089850451748,0.0
2024-11-27,71602110.0,71488650.0,0.9984154098252132,1.1068568472251676,0.0
2024-11-28,19821690.0,17029305.0,0.8591247769488878,1.097442809861531,0.0
2024-11-29,22944555.0,19451175.0,0.8477468837377757,1.0374810559919647,0.0
2024-12-02,25477365.0,22013925.0,0.8640581551506602,0.9537837753642358,0.0
2024-12-03,25291635.0,25682100.0,1.0154385036791809,0.9169567458683435,0.0
2024-12-04,26792280.0,29962485.0,1.118325316098518,0.9409387271230045,0.0
2024-12-05,27717345.0,31317510.0,1.1298885228725912,0.9950914763077453,0.0
2024-12-06,30670170.0,32620140.0,1.063578715083744,1.0382578425769389,0.0
2024-12-09,34545540.0,33956700.0,0.9829546737437018,1.0620371462955471,0.0
2024-12-10,35381400.0,36015450.0,1.0179204327697604,1.062533532113663,0.0
2024-12-11,38981715.0,36943740.0,0.9477197193607312,1.0284124127661056,0.0
2024-12-12,41463540.0,37349025.0,0.900767879443,0.9825882840801874,0.0
2024-12-13,40163460.0,38014095.0,0.9464845658217692,0.9591694542277924,0.0
2024-12-16,44007330.0,40250580.0,0.9146335394580858,0.9455052273706693,0.0
2024-12-17,57162615.0,39462465.0,0.6903544388233464,0.8799920285813865,1.0
2024-12-18,73082970.0,37645950.0,0.5151124810609092,0.7934705809214221,1.0
2024-12-19,75539325.0,39219300.0,0.5191905011065429,0.7171551052541307,1.0
2024-12-20,80264985.0,41590485.0,0.5181647389580899,0.6314911398813948,1.0
2024-12-23,81175725.0,47979195.0,0.5910534830455779,0.5667751285988932,1.0
2024-12-24,72078765.0,62863665.0,0.8721523599911847,0.6031347128324609,0.0
2024-12-26,18144315.0,19921065.0,1.0979232338062914,0.7196968633815374,0.0
2024-12-27,19629945.0,20250285.0,1.0316017187006892,0.8221791069003667,0.0
2024-12-30,23486850.0,22542570.0,0.9597953748586976,0.9105052340804882,0.0
2024-12-31,26134005.0,23111220.0,0.8843351793955806,0.9691615733504888,0.0
2025-01-01,26130300.0,24227475.0,0.9271793664825893,0.9801669746487697,0.0
2025-01-02,24848490.0,25490595.0,1.0258408056183697,0.9657504890111852,0.0
2025-01-03,32155290.0,26575815.0,0.8264834495350531,0.924726835178058,0.0
2025-01-06,40211145.0,28103040.0,0.6988868384623218,0.8725451278987828,1.0
2025-01-07,38165475.0,27962550.0,0.7326661072605543,0.8422113134717776,1.0
2025-01-08,41935515.0,29143050.0,0.694949137980063,0.7957652677712723,1.0
2025-01-09,44987040.0,29806200.0,0.6625508146346147,0.7231072695745214,1.0
2025-01-10,55271085.0,32178750.0,0.5821986306221417,0.6742503057919391,1.0
2025-01-13,58025880.0,32423370.0,0.5587742917470618,0.6462277964488872,1.0
2025-01-14,55404855.0,33293895.0,0.6009201720679532,0.6198786094103669,1.0
2025-01-15,56562930.0,33400410.0,0.5904999970828951,0.5989887812309334,1.0
2025-01-16,55704780.0,33875640.0,0.6081280636957905,0.5881042310431684,1.0
2025-01-17,60253035.0,32881515.0,0.5457237963199696,0.580809264182734,1.0
2025-01-20,56353500.0,36759780.0,0.6523069552024275,0.5995157968738072,1.0
2025-01-21,61049220.0,33946770.0,0.5560557530464763,0.5905429130695119,1.0
2025-01-22,64488165.0,36800250.0,0.5706512194912043,0.5865731575511737,1.0
2025-01-23,68090175.0,38812605.0,0.570017700791634,0.5789510849703424,1.0
2025-01-24,70742070.0,39505200.0,0.558439977795391,0.5814943212654267,1.0
2025-01-27,70993200.0,41543265.0,0.5851724531363567,0.5680674208522125,1.0
2025-01-28,62424030.0,46508820.0,0.7450467392124475,0.6058656180854067,1.0
2025-01-29,61487370.0,48684870.0,0.7917865083512272,0.6500926758574113,1.0
2025-01-30,56540550.0,52649715.0,0.9311850521439924,0.7223261461278829,0.0
2025-01-31,17572095.0,14951700.0,0.8508774850124586,0.7808136475712966,0.0
2025-02-03,23181060.0,18259935.0,0.7877092333137484,0.8213210036067748,1.0
2025-02-04,22972485.0,20938140.0,0.9114442777958066,0.8546005113234466,0.0
2025-02-05,24131610.0,22126485.0,0.9169087764968852,0.8796249649525782,0.0
2025-02-06,25252860.0,23360475.0,0.925062547370872,0.8784004639979541,0.0
2025-02-07,27986865.0,23701830.0,0.8468912112878666,0.8776032092530357,0.0
2025-02-10,28934040.0,23895615.0,0.8258651401601712,0.8852343906223202,0.0
2025-02-11,31796910.0,23890425.0,0.7513442343925872,0.8532143819416765,1.0
2025-02-12,30834360.0,24401130.0,0.7913616497958771,0.8281049566014749,1.0
2025-02-13,33586605.0,25202190.0,0.7503643193469539,0.7931653109966912,1.0
2025-02-14,36322065.0,24792540.0,0.6825751784762237,0.7603021044343625,1.0
2025-02-17,35285295.0,26452785.0,0.7496829770021761,0.7450656718027637,1.0
2025-02-18,37722930.0,26568915.0,0.7043173740746013,0.7356602997391664,1.0
2025-02-19,36922095.0,30374865.0,0.822674471749233,0.7419228641298377,0.0
2025-02-20,40418850.0,31775715.0,0.7861607888398606,0.7490821580284189,1.0
2025-02-21,44465865.0,30350640.0,0.6825604314680486,0.7490792086267839,1.0
2025-02-24,46126035.0,35049495.0,0.7598635998086547,0.7511153331880795,1.0
2025-02-25,47087760.0,38295735.0,0.8132842802460767,0.7729087144223747,0.0
2025-02-27,48278775.0,41103900.0,0.8513865565147417,0.7786511313754765,0.0
2025-02-28,15425880.0,14677620.0,0.9514932049257482,0.8117176145926541,0.0
2025-03-03,18133515.0,16492320.0,0.9094938295195388,0.857104294202952,0.0
2025-03-04,18847245.0,18754050.0,0.9950552454748692,0.904142623336195,0.0
2025-03-05,19863345.0,20302875.0,1.0221276929943068,0.945911305885841,0.0
2025-03-06,21340455.0,21856395.0,1.0241766166653898,0.9804693179159706,0.0
2025-03-07,23330775.0,23018775.0,0.9866271051861758,0.987496097968056,0.0
2025-03-10,25566510.0,23666265.0,0.9256744467664926,0.9907322214174469,0.0
2025-03-11,27185595.0,25572225.0,0.9406534968243292,0.9798518716873389,0.0
2025-03-12,27117180.0,26440905.0,0.9750610129814384,0.9704385356847652,0.0
2025-03-13,28768410.0,27016845.0,0.939114987585341,0.9534262098687554,0.0
2025-03-17,28103265.0,28846185.0,1.0264353625815363,0.9613878613478274,0.0
2025-03-18,27560235.0,33103650.0,1.201138161557766,1.0164806043060821,0.0
2025-03-19,28838400.0,35494725.0,1.230814642976032,1.074512833536423,0.0
2025-03-20,31351005.0,36767655.0,1.1727743656064613,1.1140555040614273,0.0
2025-03-21,32400645.0,40982400.0,1.2648637087317245,1.179205248290704,0.0
2025-03-24,36589695.0,45266550.0,1.2371393093055298,1.2213460376355028,0.0
2025-03-25,41967225.0,43216305.0,1.0297632259459617,1.1870710505131419,0.0
2025-03-26,45516330.0,40237560.0,0.8840247005854822,1.117713062035032,0.0
2025-03-27,46459500.0,43777575.0,0.9422739159913474,1.0716129721120091,0.0
2025-03-28,15759570.0,14948085.0,0.9485084301157964,1.0083419163888236,0.0
2025-04-01,18000960.0,15685185.0,0.8713526945229588,0.9351845934323093,0.0
2025-04-02,18613410.0,17565570.0,0.9437051029338526,0.9179729688298875,0.0
2025-04-03,20316630.0,20795250.0,1.0235580408758735,0.9458796368879657,0.0
2025-04-04,21772095.0,21175530.0,0.9725995592064062,0.9519447655309774,0.0
2025-04-07,23990985.0,19671855.0,0.8199686257150343,0.926236804650825,0.0
2025-04-08,25271385.0,20405205.0,0.807443082363709,0.913454882218975,0.0
2025-04-09,28039590.0,21752115.0,0.7757643745860763,0.8798667365494198,1.0
2025-04-11,25433130.0,22622715.0,0.8894978714770853,0.8530547026696622,0.0
2025-04-15,25787235.0,26397795.0,1.023676830804078,0.8632701569891965,0.0
2025-04-16,25971075.0,29411580.0,1.1324744932583652,0.9257713304978628,0.0
2025-04-17,28719210.0,33262665.0,1.1582026455463086,0.9959232431343826,0.0
2025-04-21,36816705.0,43272765.0,1.1753568115343294,1.0758417305240333,0.0
2025-04-22,41273475.0,47743320.0,1.1567555191318395,1.1292932600549843,0.0
2025-04-23,49292520.0,51236010.0,1.0394276859856222,1.1324434310912932,0.0
2025-04-24,50191800.0,54728385.0,1.090384983204428,1.1240255290805055,0.0
2025-04-25,15496145.0,16004810.0,1.032825260734202,1.0989500521180842,0.0
2025-04-28,17183180.0,17595755.0,1.0240103985408988,1.068680769519398,0.0
2025-04-29,18838215.0,17825335.0,0.9462326977370202,1.0265762052404341,0.0
2025-04-30,19976655.0,18805095.0,0.941353544925314,1.0069613770283725,0.0
2025-05-02,20529340.0,19285630.0,0.9394179257589382,0.9767679655392747,0.0
2025-05-05,21927925.0,20303605.0,0.9259245915881232,0.955387831710059,0.0
2025-05-06,23620595.0,20342630.0,0.8612242833002302,0.9228306086619252,0.0
2025-05-07,23759665.0,20500790.0,0.8628400274162115,0.9061520745977634,0.0
2025-05-08,24255820.0,20270785.0,0.8357080898522499,0.8850229835831506,0.0
2025-05-09,25773265.0,19781055.0,0.7675028755572878,0.8506399735428205,1.0
2025-05-12,25079970.0,22676925.0,0.90418469400083,0.8462919940253618,0.0
2025-05-13,26577340.0,22166315.0,0.8340306065242045,0.8408532586701567,0.0
2025-05-14,28142345.0,23204325.0,0.8245341672842117,0.8331920866437568,0.0
2025-05-15,26517360.0,24698085.0,0.9313930572274164,0.8523290801187902,0.0
2025-05-16,27043575.0,24296195.0,0.8984091415428619,0.878510333315905,0.0
2025-05-19,28707955.0,24755560.0,0.8623240492051768,0.8701382043567742,0.0
2025-05-20,31372305.0,24175280.0,0.7705930437690186,0.857450691805737,1.0
2025-05-21,31190405.0,24729690.0,0.7928620997386857,0.851116278296632,1.0
2025-05-22,31813950.0,24803625.0,0.7796461929436616,0.820766905439881,1.0
2025-05-23,31714180.0,28509595.0,0.8989541902076611,0.8208759151728409,0.0
2025-05-26,32690650.0,29086600.0,0.8897528804107596,0.8263616814139573,0.0
2025-05-27,35073520.0,30280635.0,0.863347476956975,0.8449125680515486,0.0
2025-05-28,34499630.0,29281220.0,0.8487401169229931,0.8560881714884101,0.0
2025-05-29,36114345.0,30394410.0,0.8416159838978112,0.86848212967924,0.0
2025-05-30,11801640.0,12363055.0,1.0475709308197845,0.8982054778016646,0.0
2025-06-02,13388665.0,13866845.0,1.035715286027397,0.9273979589249922,0.0
2025-06-03,15839280.0,13746020.0,0.8678437403720372,0.9282972116080046,0.0
2025-06-04,18205175.0,14836700.0,0.8149715671505492,0.9215435016535158,0.0
2025-06-05,18271435.0,15187920.0,0.8312384878363412,0.9194680024412218,0.0
2025-06-06,18903655.0,19337300.0,1.0229397436633283,0.9145417650099306,0.0
2025-06-09,19668910.0,20504445.0,1.0424799849101958,0.9158947047864903,0.0
2025-06-10,20358505.0,20049115.0,0.9848029116086864,0.9392865390338201,0.0
2025-06-11,21467635.0,20659200.0,0.9623416831896014,0.9687605622416307,0.0
2025-06-12,23083460.0,19131370.0,0.8287912643945059,0.9682711175532637,0.0
2025-06-13,25064555.0,18356545.0,0.7323706724496006,0.9101573033105181,1.0
2025-06-16,25012305.0,19940410.0,0.7972240063440774,0.8611061075972943,1.0
2025-06-17,26906395.0,19889760.0,0.7392205458962451,0.811989634454806,1.0
2025-06-18,27125635.0,21301420.0,0.7852874227644809,0.7765787823697821,1.0
2025-06-19,29984570.0,21526365.0,0.7179147474851232,0.7544034789879055,1.0
2025-06-20,27469615.0,25273880.0,0.9200667719587624,0.7919426988897378,0.0
2025-06-23,28720155.0,26208960.0,0.9125633200795747,0.8150105616368373,0.0
2025-06-24,29288695.0,26813950.0,0.9155051121260268,0.8502674748827935,0.0
2025-06-25,30670430.0,30271975.0,0.9870084964573368,0.8906116896213648,0.0
2025-06-26,32686140.0,34216635.0,1.0468239749324943,0.9563935351108391,0.0
2025-06-27,11400430.0,12937145.0,1.134794477050427,0.999339076129172,0.0
2025-06-30,12587340.0,13629240.0,1.0827736439946805,1.0333811409121931,0.0
2025-07-01,13501920.0,15480870.0,1.1465680436560133,1.0795937272181904,0.0
2025-07-02,15257925.0,15528795.0,1.0177527416080496,1.0857425762483328,0.0
2025-07-03,15944940.0,15656085.0,0.9818842215775035,1.0727546255773348,0.0
2025-07-04,16096140.0,16331815.0,1.0146417091302635,1.048724071993302,0.0
2025-07-07,16336205.0,16296080.0,0.9975437991871428,1.0316781030317945,0.0
2025-07-08,16355945.0,16712770.0,1.0218162264546622,1.0067277395915242,0.0
2025-07-09,16312850.0,16247410.0,0.9959884385622376,1.0023748789823619,0.0
2025-07-10,17196180.0,15841175.0,0.9212031393018684,0.9902386625272348,0.0
2025-07-11,17935130.0,15860695.0,0.8843367736949774,0.9641776754401776,0.0
2025-07-14,18762915.0,16180580.0,0.862370266027427,0.9371429688082346,0.0
2025-07-15,18748045.0,16839950.0,0.8982243215225908,0.9124245878218202,0.0
2025-07-16,19178720.0,17646285.0,0.9200971180558452,0.8972463237205417,0.0
2025-07-17,20885695.0,17778245.0,0.8512163468823997,0.883248965236648,0.0
2025-07-18,23863115.0,18575315.0,0.7784111588114125,0.862063842259935,1.0
2025-07-21,22120870.0,19540605.0,0.8833560795755321,0.866261004969556,0.0
2025-07-22,24933160.0,20221120.0,0.8110131246901716,0.8488187656030721,0.0
2025-07-23,23232175.0,23176445.0,0.997601171650954,0.8643195763220939,0.0
2025-07-24,25010995.0,22566540.0,0.9022647839480196,0.8745292637352179,0.0
2025-07-25,29158775.0,22004615.0,0.7546481290794966,0.8697766577888348,1.0
2025-07-28,32520315.0,22285860.0,0.6852904100098661,0.8301635238757015,1.0
2025-07-29,33140415.0,22757810.0,0.686708660709288,0.8053026310795248,1.0
2025-07-30,35099085.0,23945330.0,0.6822209182945937,0.7422265804082528,1.0
2025-07-31,32459230.0,29109165.0,0.8967916059623102,0.741131944811111,0.0
2025-08-01,12213130.0,11318010.0,0.9267083867935574,0.775543996353923,0.0
2025-08-04,13741620.0,12303340.0,0.8953340290300561,0.8175527201579612,0.0
2025-08-05,15962570.0,13140205.0,0.8231885592357622,0.8448486998632558,0.0
2025-08-06,16524710.0,13570075.0,0.8211989801939036,0.872644312243118,0.0
2025-08-07,16455885.0,13860355.0,0.8422734480704016,0.8617406806647361,0.0
2025-08-08,18859015.0,14298935.0,0.7582015815778289,0.8280393196215904,1.0
2025-08-11,18325625.0,14830210.0,0.8092608028375567,0.8108246743830906,0.0
2025-08-12,20248025.0,15289390.0,0.7551052510059623,0.7972080127371306,1.0
2025-08-13,20920595.0,15667565.0,0.7489062811072056,0.782749472919791,1.0
2025-08-14,20490615.0,15665610.0,0.7645261013395644,0.7672000035736236,1.0
2025-08-18,21414020.0,16418135.0,0.7667002739326853,0.7688997420445949,1.0
2025-08-19,21488515.0,17670650.0,0.8223299748726238,0.7715135764516083,0.0
2025-08-20,23096320.0,17587045.0,0.7614652464115496,0.7727855755327256,1.0
2025-08-21,24784505.0,18709635.0,0.7548924216965398,0.7739828036505927,1.0
2025-08-22,32237545.0,18898315.0,0.5862206628947707,0.7383217159616339,1.0
2025-08-25,35889260.0,20261240.0,0.564548837173015,0.6978914286096998,1.0
2025-08-26,38035460.0,19431275.0,0.5108726172892348,0.635599957093022,1.0
2025-08-28,39451035.0,28053000.0,0.711084005780837,0.6255237089668795,1.0
2025-08-29,13477135.0,11954590.0,0.8870275470268718,0.6519507340329458,0.0
2025-09-01,14211150.0,12946140.0,0.9109846845610664,0.716903538366205,0.0
2025-09-02,15987150.0,13733090.0,0.8590080158126996,0.7757953740941419,0.0
2025-09-03,15840790.0,14676850.0,0.926522603986291,0.8589253714335532,0.0
2025-09-04,16407590.0,14765045.0,0.8998911479382408,0.896686799865034,0.0
2025-09-05,16703350.0,14936570.0,0.8942260085551701,0.8981264921706936,0.0
2025-09-08,16581530.0,15735600.0,0.948983598015382,0.9057262748615568,0.0
2025-09-09,17258880.0,16234430.0,0.9406421505914636,0.9220531018173095,0.0
2025-09-10,16998115.0,17157665.0,1.009386334896546,0.9386258479993606,0.0
2025-09-11,17030470.0,17764725.0,1.0431141947344964,0.9672704573586117,0.0
2025-09-12,17105635.0,17959345.0,1.04990811507436,0.9984068786624496,0.0
2025-09-15,17810425.0,18471110.0,1.0370954090090494,1.016029240861183,0.0
2025-09-16,18080900.0,19756620.0,1.092679014872047,1.0464366137172998,0.0
2025-09-17,19134630.0,20714095.0,1.082544841473287,1.061068315032648,0.0
2025-09-18,20006415.0,21926825.0,1.0959897113001005,1.071643418345769,0.0
2025-09-19,21475275.0,22135390.0,1.0307383723840555,1.0678094698077079,0.0
2025-09-22,22824210.0,22121670.0,0.9692195261084612,1.0542342932275903,0.0
2025-09-23,22979090.0,25667625.0,1.1169991936147168,1.0590983289761242,0.0
2025-09-24,28386725.0,24165370.0,0.8512912285584194,1.0128476063931506,0.0
2025-09-25,29388400.0,24179100.0,0.8227429870288957,0.9581982615389097,0.0
2025-09-26,34592730.0,24530675.0,0.7091280451123689,0.8938761960845725,1.0
2025-09-29,30323260.0,26496710.0,0.8738080931931461,0.8747939095015095,0.0
2025-09-30,30140310.0,28754685.0,0.9540275133202014,0.8421995734426064,0.0
2025-10-01,12728130.0,14346525.0,1.1271510426119156,0.8973715362533057,0.0
2025-10-03,13836475.0,15945225.0,1.1524051465420202,0.9633039681559303,0.0
2025-10-06,15140890.0,17096095.0,1.1291340865695478,1.0473051764473662,0.0
2025-10-07,16102630.0,17924755.0,1.1131569811887871,1.0951749540464946,0.0
2025-10-08,17064500.0,17977850.0,1.0535233965249495,1.115074130687444,0.0
2025-10-09,17534315.0,18894115.0,1.077550791120155,1.105154080389092,0.0
2025-10-10,17927470.0,20510690.0,1.1440928363009393,1.1034916183408758,0.0
2025-10-13,18716580.0,21089975.0,1.12680708761964,1.103026218550894,0.0
2025-10-14,20299560.0,20207905.0,0.995484877504734,1.0794917978140837,0.0
2025-10-15,20064570.0,22053910.0,1.0991469042197266,1.088616499353039,0.0
2025-10-16,19753045.0,23391145.0,1.1841791987007573,1.1099421808691594,0.0
2025-10-17,21070480.0,24852430.0,1.1794904529939518,1.117021704207762,0.0
2025-10-20,22696465.0,26011070.0,1.146040583853036,1.1208684034544412,0.0
2025-10-21,22887530.0,26317005.0,1.1498403278990788,1.15173949353331,0.0
2025-10-23,24784425.0,28106775.0,1.1340499123945784,1.1587200951682806,0.0
2025-10-24,31130345.0,27542405.0,0.884744611728524,1.0988331777738338,0.0
2025-10-27,28255830.0,30628810.0,1.0839819605369936,1.0797314792824422,0.0
2025-10-28,28732985.0,29430445.0,1.0242738441550712,1.0553781313428492,0.0
2025-10-29,10915925.0,11839510.0,1.0846089543488069,1.0423318566327948,0.0
2025-10-30,12080580.0,11793905.0,0.976269765193393,1.0107758271925578,0.0
2025-10-31,13329705.0,12093190.0,0.9072361316323204,1.0152741311733169,0.0
2025-11-03,13553265.0,13278850.0,0.9797528492212024,0.9944283089101589,0.0
2025-11-04,14730165.0,13037035.0,0.8850569562526964,0.9665849313296839,0.0
2025-11-06,15920770.0,13240365.0,0.831640994750882,0.9159913394100988,0.0
2025-11-07,15534275.0,14885715.0,0.958249741297872,0.9123873346309945,0.0
2025-11-10,16598230.0,15981800.0,0.9628617027237242,0.9235124488492754,0.0
2025-11-11,16825650.0,16244025.0,0.9654322418450402,0.920648327374043,0.0
2025-11-12,17063240.0,16603095.0,0.9730329644311396,0.9382435290097316,0.0
2025-11-13,17161870.0,16890465.0,0.9841855811750118,0.9687524462945575,0.0
2025-11-14,17936260.0,17325735.0,0.9659614100152428,0.9702947800380317,0.0
2025-11-17,17901415.0,21065200.0,1.1767337945073058,1.013069198394748,0.0
2025-11-18,19067430.0,22035900.0,1.1556827532604026,1.0511193006778203,0.0
2025-11-19,19270245.0,23648300.0,1.2271924928821611,1.1019512063680248,0.0
2025-11-20,19682650.0,24641690.0,1.251949813668383,1.155504052866699,0.0
2025-11-21,24216625.0,23161125.0,0.956414240217206,1.1535946189070916,0.0
2025-11-24,25549335.0,23769750.0,0.930347110795643,1.104317282164759,0.0
2025-11-25,26496975.0,28846330.0,1.0886650268568394,1.0909137368840465,0.0
2025-11-26,10746845.0,12646020.0,1.176719306922171,1.0808190996920486,0.0
2025-11-27,11324810.0,13586480.0,1.1997093107963843,1.0703709991176489,0.0
2025-11-28,11847400.0,14303025.0,1.207271215625369,1.1205423941992811,0.0
2025-12-01,12948965.0,14552435.0,1.1238299740558415,1.1592389668513212,0.0
2025-12-02,13984440.0,14355490.0,1.0265330610306884,1.1468125736860908,0.0
2025-12-03,14225970.0,14264160.0,1.0026845269602005,1.1120056176936968,0.0
2025-12-04,14886160.0,13994535.0,0.9401037608086976,1.0600845076961594,0.0
2025-12-05,14333685.0,15410130.0,1.0750989714089574,1.0336500588528772,0.0
2025-12-08,16408460.0,14721180.0,0.8971701183413922,0.9883180877099871,0.0
2025-12-09,17212765.0,15352330.0,0.8919153895379388,0.9613945534114373,0.0
2025-12-10,18431715.0,15029200.0,0.8153988926152558,0.9239374265424484,0.0
2025-12-11,17878175.0,15543525.0,0.8694134048917186,0.9097993553590525,0.0
2025-12-12,17881075.0,16117385.0,0.9013655498900374,0.8750526710552686,0.0
2025-12-15,18592110.0,17448565.0,0.938492995146866,0.8833172464163633,0.0
2025-12-16,21887450.0,16900585.0,0.7721587028182817,0.8593659090724319,1.0
2025-12-17,22702860.0,17047205.0,0.7508835891160849,0.8464628483725978,1.0
2025-12-18,23455860.0,17550390.0,0.7482305061507017,0.8222262686243944,1.0
2025-12-19,23113210.0,18609635.0,0.805151469657395,0.8029834525778659,0.0
2025-12-22,22703215.0,19701280.0,0.867774894436757,0.7888398324358441,0.0
2025-12-23,24113590.0,20465010.0,0.8486919616697473,0.8041464842061373,0.0
2025-12-24,25096200.0,19385920.0,0.7724643571536727,0.8084626378136548,1.0
2025-12-26,27234330.0,20056745.0,0.7364508324603543,0.8061067030755853,1.0
2025-12-29,28257280.0,21089870.0,0.7463517366144229,0.7943467564669908,1.0
2025-12-30,27538605.0,26566105.0,0.9646859381584506,0.8137289652113295,0.0
2025-12-31,9365970.0,10603915.0,1.13217477741227,0.8704255283598341,0.0
2026-05-04,,,0.8011,0.8761526569290995,
2026-05-05,,,0.9664,0.9221424904370286,
